,name,review_count,rating,price,phone,display_phone,distance,lat,lng,zipcode,city,Median Home Value,Median Household Income,Population Density
0,Roaming Hunger,124,4.0,$$,+18005689370,(800) 568-9370,5878.96743188699,34.097384,-118.3683601,90046,West Hollywood,873100.0,52641.0,8405.0
1,Prince of Venice Food Truck,65,4.0,$$,+13106145443,(310) 614-5443,9627.652417125457,34.03313,-118.43872,90064,Los Angeles,904200.0,84579.0,6350.0
2,Sam's Gourmet,30,4.0,$,+13234858521,(323) 485-8521,10179.680437677434,34.0498352050781,-118.212745666504,90033,Los Angeles,291100.0,28005.0,14954.0
3,German's Catering Truck,41,5.0,$,+12138045854,(213) 804-5854,6263.058532380659,34.0107616343037,-118.292093033503,90037,Los Angeles,271400.0,26796.0,21941.0
4,L.A Autentica Birrieria,120,5.0,$,+13236900987,(323) 690-0987,14746.067220052508,34.1871511,-118.3729288,91606,North Hollywood,363400.0,42521.0,13491.0
5,Food-Truck Man,4,4.0,$$,+12029996689,(202) 999-6689,5015.472014257716,34.0255999177578,-118.288377484881,90007,Los Angeles,388900.0,22420.0,16593.0
6,The Carnival Truck,10,4.0,$,+12133799873,(213) 379-9873,11561.907223698638,34.17144,-118.28592,91201,Los Angeles,615300.0,50107.0,9647.0
7,Street Kitchen,223,4.0,$$,+13235162808,(323) 516-2808,4424.733221753789,34.0998,-118.32648,90028,Hollywood,593900.0,30953.0,18838.0
8,The Garbage Truck,79,3.5,$,+14242350089,(424) 235-0089,12305.625781423201,33.97908,-118.25009,90001,Los Angeles,249600.0,35097.0,16306.0
9,Mariscos Jalisco,134,4.5,$,+13233091622,(323) 309-1622,7316.322833174429,34.0340039972124,-118.249286006082,90021,Los Angeles,444000.0,13415.0,1908.0
10,Kings Wings,126,4.5,$$,+18054569336,(805) 456-9336,4451.799222490807,34.1010193,-118.3297611,90028,Hollywood,593900.0,30953.0,18838.0
11,WAFL Truck,91,4.0,$,+13238988799,(323) 898-8799,2876.005858016202,34.0690002441406,-118.350242614746,90036,Los Angeles,945000.0,71589.0,14922.0
12,Mad Pambazos,33,4.5,$,+17037987268,(703) 798-7268,12305.625781423201,33.9788284301758,-118.249931335449,90001,Los Angeles,249600.0,35097.0,16306.0
13,Amazebowls,178,4.5,$,+13236400973,(323) 640-0973,5860.203092103404,34.041488,-118.2625804,90015,Los Angeles,429100.0,27393.0,11100.0
14,Okamoto Kitchen,516,4.0,$$,+18183739767,(818) 373-9767,13433.364841204091,34.1463062227897,-118.425396788406,91423,Los Angeles,755300.0,74011.0,7103.0
15,Los Tacos Acosta,7,4.5,$,,,13844.717220136166,33.9546,-118.3982047,90045,Los Angeles,661700.0,77893.0,3681.0
16,Postcards Central American Soul Food,128,4.5,$$,+13108010441,(310) 801-0441,5580.8995529348895,34.0387725830078,-118.26114654541,90015,Los Angeles,429100.0,27393.0,11100.0
17,La Troca Catracha,12,4.5,$,+13237402228,(323) 740-2228,1816.3497991377328,34.06099,-118.30167,90010,Los Angeles,514300.0,51359.0,8309.0
18,All Flavor No Grease,269,4.0,$$,+13233180409,(323) 318-0409,14790.545166477243,33.93804,-118.26194,90059,Los Angeles,221500.0,33962.0,12359.0
19,Aji Teppanyaki,43,4.0,$$,+18185156778,(818) 515-6778,29459.98713370618,34.3097432,-118.4335721,91601,Los Angeles,464200.0,48638.0,14028.0
20,Chiquis Taco Truck,60,4.5,$,+13239078108,(323) 907-8108,3292.4532026432244,34.0908937443473,-118.326503147299,90038,Los Angeles,525800.0,35144.0,18460.0
21,KTOWN Night Market,174,3.0,$$,+14242449789,(424) 244-9789,2272.0039764952917,34.0598891,-118.2968023,90005,Los Angeles,633600.0,31893.0,34761.0
22,The Food Truck Lot,6,4.0,$$,,,16374.48250178989,34.0020259,-118.4838472,90405,Santa Monica,1000001.0,75717.0,10272.0
23,B Sweet Dessert Truck,40,4.0,$,+13109639769,(310) 963-9769,7357.287967300945,34.0290045,-118.3908787,90034,Los Angeles,637100.0,56946.0,18621.0
24,Mariscos Michoacan,14,4.0,$,,,2716.133293686045,34.0653498099349,-118.292245989163,90020,Los Angeles,511800.0,38510.0,34475.0
25,Billionaire Burger Boyz,293,4.0,$$,+13105544116,(310) 554-4116,21845.514330272195,33.8893305,-118.2074657,90221,Compton,237100.0,42853.0,10072.0
26,The Triple Threat Truck,149,3.5,$,+13235076404,(323) 507-6404,20866.501744402678,34.1580543518066,-118.512672424316,91316,Los Angeles,487700.0,59199.0,5372.0
27,Tokyo Style Food Truck and Catering,186,4.5,$$,+13105916226,(310) 591-6226,12305.625781423201,33.97363,-118.24989,90001,Los Angeles,249600.0,35097.0,16306.0
28,Kuushi Sushi,10,4.0,$$,+18189008589,(818) 900-8589,3463.4487568402233,34.06372,-118.35689,90036,Los Angeles,945000.0,71589.0,14922.0
29,Baby's Badass Burgers,725,4.0,$$,+18779622297,(877) 962-2297,6311.81210658909,34.08841,-118.37783,90069,Los Angeles,696700.0,75451.0,9688.0
30,Kogi BBQ Truck - Azul,2054,3.5,$,+13233150253,(323) 315-0253,7193.980371228938,34.10097,-118.29842,90027,Los Angeles,793200.0,47993.0,5464.0
31,Hollywood Night Market,199,4.0,$$,+13234334805,(323) 433-4805,5280.308244503628,34.1058627501024,-118.342114999944,90068,Los Angeles,952100.0,67500.0,2925.0
32,The Rooster,134,4.0,$$,+14242781839,(424) 278-1839,5818.063409970171,34.05513,-118.38404,90035,Los Angeles,842500.0,75863.0,13808.0
33,Holy Moly Truck,54,4.0,$,+18185775665,(818) 577-5665,24541.980482234165,34.23462,-118.4969,91343,Los Angeles,380400.0,54166.0,10193.0
34,Merguez Et Al,35,4.5,$$,+13234237997,(323) 423-7997,9627.652417125457,34.03313,-118.43872,90064,Los Angeles,904200.0,84579.0,6350.0
35,Lobsterdamus,101,3.5,$$,+12135456412,(213) 545-6412,8272.933806772151,34.031327,-118.239352,90021,Los Angeles,444000.0,13415.0,1908.0
36,Roll'n Lobster Food Truck,171,3.0,$$,+13106001934,(310) 600-1934,23308.986411227976,33.8629455566406,-118.394996643066,90254,Hermosa Beach,1000001.0,101655.0,13665.0
37,Tacos Super Gallito,273,3.5,$,+13233377424,(323) 337-7424,10714.704719226564,34.0496742,-118.4367951,90025,Los Angeles,669100.0,73478.0,16402.0
38,The Berlin Truck,91,3.0,$$,+13104647390,(310) 464-7390,4906.111148449467,34.02911,-118.28306,90007,Los Angeles,388900.0,22420.0,16593.0
39,Comet BBQ,65,4.0,$,+13105718255,(310) 571-8255,1166.136984716173,34.06698,-118.29979,90020,Los Angeles,511800.0,38510.0,34475.0
40,Flamin Hot Chicken - Food Truck,84,5.0,$,+13237386317,(323) 738-6317,18514.06657422472,34.177396,-118.465885,91411,Van Nuys,456400.0,44570.0,12059.0
41,Lily's Catering,24,3.5,$,+13235424766,(323) 542-4766,1736.3613074358227,34.0617099,-118.3025318,90010,Los Angeles,514300.0,51359.0,8309.0
42,North Hollywood Food Truck Collective,6,4.0,$$,,,12727.62956893373,34.1655587673453,-118.37920621849,91601,North Hollywood,464200.0,48638.0,14028.0
43,Super Tortas DF,157,4.5,$,+13233518379,(323) 351-8379,8340.11667698513,34.0090951,-118.2566828,90011,Los Angeles,269300.0,30171.0,24240.0
44,Arroy Food Truck,74,4.0,$,+16262275666,(626) 227-5666,2876.005858016202,34.06484,-118.34989,90036,Los Angeles,945000.0,71589.0,14922.0
45,Los Marcos Catering,1,5.0,$,,,5875.6326504260505,34.0367393493652,-118.265098571777,90015,Los Angeles,429100.0,27393.0,11100.0
46,Mariella's Tacos,231,4.0,$,+13108003647,(310) 800-3647,14009.411711351799,33.9435850341921,-118.377395044943,90045,Los Angeles,661700.0,77893.0,3681.0
47,405 Teppanyaki,189,3.5,$$,+18189233261,(818) 923-3261,18436.8866919076,34.1762190194062,-118.466088639472,91411,Van Nuys,456400.0,44570.0,12059.0
48,Godfather Truck,10,4.5,$$,+18188351165,(818) 835-1165,22017.210862546304,34.2171964255354,-118.469319291358,91367,Woodland Hills,552000.0,76548.0,5308.0
49,The Ghost Pepper Truck,6,5.0,$,+13109366116,(310) 936-6116,17212.077846233893,34.2133217,-118.3586121,91352,Los Angeles,338300.0,48844.0,4097.0
50,Drive Thru Pupusas,193,5.0,$,+13232028568,(323) 202-8568,12917.029795266095,34.121082,-118.2009,90042,Los Angeles,382100.0,50996.0,13444.0
51,Curbside Cravings,72,4.5,$,+18186530877,(818) 653-0877,3906.467990216575,34.06108,-118.27747,90057,Los Angeles,282600.0,28035.0,50810.0
52,Corn Man,948,4.5,$,+12137882323,(213) 788-2323,9902.711468013575,34.0725774690603,-118.214694509262,90031,Los Angeles,340500.0,34655.0,11383.0
53,Carnitas El Momo,166,4.5,$,+13236278540,(323) 627-8540,10876.290343850034,34.052,-118.20388,90033,Los Angeles,291100.0,28005.0,14954.0
54,Tender Grill Gourmet Brazilian Kitchen,117,4.5,$$,+13105917768,(310) 591-7768,12230.19408888862,33.999,-118.43041,90066,Los Angeles,727800.0,66744.0,11231.0
55,Cemitas Catering,20,4.5,$,+12139094027,(213) 909-4027,8601.743544556673,34.0219177578916,-118.401525264178,90034,Los Angeles,637100.0,56946.0,18621.0
56,Sus Arepas,55,4.5,$,+12137003976,(213) 700-3976,8401.25953713628,34.0309258,-118.2380432,91204,Glendale,386100.0,37634.0,14263.0
57,Birrieria Villalobos,154,3.5,$,+13236188129,(323) 618-8129,12104.779980367173,34.040696,-118.192434,90063,Los Angeles,273400.0,38441.0,17038.0
58,The Middle Feast Food Truck,187,3.5,$$,+18186056317,(818) 605-6317,9408.544786356944,34.09857,-118.41508,90210,Los Angeles,1000001.0,132254.0,2147.0
59,Ave 26 Taco Stand,1554,4.5,$,,,9699.257211035112,34.07967,-118.21837,90031,Los Angeles,340500.0,34655.0,11383.0
60,Crispy Cuban,69,4.0,$,+12132719381,(213) 271-9381,4894.299837724535,34.044318,-118.272516,90015,Los Angeles,429100.0,27393.0,11100.0
61,CJ's Wings the Broaster King,79,4.0,$$,+16262969464,(626) 296-9464,5906.486585413189,34.0325272,-118.3750422,90232,Culver City,722200.0,73103.0,7193.0
62,Go Fusion N Grill,113,4.0,$$,+16613093441,(661) 309-3441,17208.640468229405,34.2132246,-118.3587724,91352,Sun Valley,338300.0,48844.0,4097.0
63,The Beignet Truck,106,4.5,$,+18887655503,(888) 765-5503,17204.094507014404,34.2131849,-118.3587604,91352,Sun Valley,338300.0,48844.0,4097.0
64,Gracias Señor!,148,4.5,$,+13233863424,(323) 386-3424,18714.64982834476,34.0454459503403,-118.523584681406,90272,Pacific Palisades,1000001.0,159696.0,1007.0
65,El Matador Taco Truck,179,4.0,$,,,3642.038971736826,34.092781152522,-118.309179705424,90028,Los Angeles,593900.0,30953.0,18838.0
66,Granada Hills Dinner Food Trucks,122,4.0,$$,,,29158.488370871637,34.2648866155125,-118.521555861282,91344,Granada Hills,449600.0,77604.0,3153.0
67,Aloha Fridays,2,4.5,$$,+18188553204,(818) 855-3204,12951.082572038258,34.0316827404172,-118.457235507667,90064,Los Angeles,904200.0,84579.0,6350.0
68,Flaming Lava Grill,21,5.0,$,+18186333013,(818) 633-3013,13202.911624937777,34.1311801224947,-118.43711592257,91403,Los Angeles,740200.0,69956.0,6467.0
69,Teddy's Red Tacos,848,4.0,$,+13234959654,(323) 495-9654,9706.636930118975,33.9894829,-118.262014,90011,Los Angeles,269300.0,30171.0,24240.0
70,Street Food Cinema,237,4.5,$$,+13232545068,(323) 254-5068,11045.958823727899,34.1432801,-118.2531191,91205,Glendale,458300.0,36906.0,19995.0
71,The Griddler Truck,13,4.5,$,+18186364479,(818) 636-4479,7079.830618359903,34.1147313,-118.3637264,90046,Los Angeles,873100.0,52641.0,8405.0
72,Viva Taco Azteca Original,43,4.5,$,+18182215972,(818) 221-5972,8781.666346886432,34.1254094038924,-118.265204839695,91342,Los Angeles,322400.0,59329.0,1665.0
73,"Tortas Gigante ""El Chilango""",15,4.5,$$,+13234832047,(323) 483-2047,11036.713740023091,33.9888916,-118.2398376,90058,Los Angeles,191100.0,16750.0,555.0
74,Yalla Truck,118,4.0,$,+15625473909,(562) 547-3909,2876.005858016202,34.0664817,-118.3520389,90036,Los Angeles,945000.0,71589.0,14922.0
76,Gowess Food Truck,12,4.0,$,+12136754519,(213) 675-4519,1274.2571158275032,34.06239,-118.30746,90010,Los Angeles,514300.0,51359.0,8309.0
77,Yeastie Boys,219,3.5,$$,+14808404121,(480) 840-4121,4424.733221753789,34.0990982055664,-118.330963134766,90028,Los Angeles,593900.0,30953.0,18838.0
78,Angelicas Cemitas Originales,55,4.5,$,+12139094027,(213) 909-4027,8613.395078864443,34.02223,-118.4016,90034,Los Angeles,637100.0,56946.0,18621.0
79,La Kubanita,10,5.0,$$,+18184646263,(818) 464-6263,2495.0692803508623,34.0734,-118.3444124,90036,Los Angeles,945000.0,71589.0,14922.0
80,The Fat Queso,72,4.0,$,+13233330513,(323) 333-0513,12305.625781423201,33.97908,-118.25009,90001,Los Angeles,249600.0,35097.0,16306.0
81,El Taco Gourmet,4,5.0,$,,,3422.2911581369526,34.0625176201804,-118.35851518057,90036,Los Angeles,945000.0,71589.0,14922.0
82,StopBye Café,71,4.5,$$,+14244565533,(424) 456-5533,8319.774223452625,34.00455,-118.26009,90011,Los Angeles,269300.0,30171.0,24240.0
83,South Philly Experience,254,3.5,$,+16094641335,(609) 464-1335,4834.60215645382,34.0370227,-118.2782302,90015,Los Angeles,429100.0,27393.0,11100.0
84,Leo's Tacos Truck,360,4.0,$,+13233462001,(323) 346-2001,5589.304667533686,34.067768,-118.261123,90026,Los Angeles,551500.0,44327.0,16063.0
85,ACASA Food Truck,268,4.5,$,+18189262975,(818) 926-2975,22241.521862715086,34.1761699,-118.5188949,91316,Encino,487700.0,59199.0,5372.0
86,Happy Ice,195,4.5,$,+12158003965,(215) 800-3965,3555.9059634708,34.083387,-118.349637,90046,Los Angeles,873100.0,52641.0,8405.0
87,Ta Bom Truck,176,4.0,$,+13239027591,(323) 902-7591,3142.3852114775577,34.0480743054621,-118.351336928125,90019,Los Angeles,617300.0,42043.0,16578.0
88,Birrieria Gonzalez,314,4.0,$,+13234907172,(323) 490-7172,16309.196069786301,34.01903,-118.15195,90022,East Los Angeles,294800.0,38925.0,15334.0
90,Teddy’s Red Tacos,61,4.0,$,,,6622.444259344888,34.0665737048528,-118.249739639016,90012,Los Angeles,394500.0,28879.0,9618.0
91,Mariscos El Bigoton,189,4.0,$$,+13233574269,(323) 357-4269,16308.981220835987,34.019035,-118.151955,90022,Los Angeles,294800.0,38925.0,15334.0
92,Lettuce Feast,182,4.0,$$,+14242613659,(424) 261-3659,12305.625781423201,33.97853,-118.2497,90001,Los Angeles,249600.0,35097.0,16306.0
93,El Shuko,10,4.5,$,+17029277625,(702) 927-7625,8319.774223452625,34.0074920654297,-118.258743286133,90011,Los Angeles,269300.0,30171.0,24240.0
94,Super Smash Buns,76,4.0,$$,+12137877585,(213) 787-7585,4316.904109680302,34.099895,-118.329008,90028,Los Angeles,593900.0,30953.0,18838.0
95,El Flamin' Taco - Los Angeles,26,3.5,$,+12139253812,(213) 925-3812,4030.5940553146415,34.0977699068154,-118.324053748902,90028,Los Angeles,593900.0,30953.0,18838.0
96,Bang Bang Noodles,88,4.0,$$,,,12531.166904689231,34.120994,-118.2057397,90042,Los Angeles,382100.0,50996.0,13444.0
97,Food Truck Haven,3,3.5,$,+12136221261,(213) 622-1261,7876.53556195315,34.0466057,-118.2378178,90013,Los Angeles,312200.0,20271.0,17546.0
98,The Fix on Wheels,81,4.5,$$,+13233255573,(323) 325-5573,4906.111148449467,34.02911,-118.28306,90007,Los Angeles,388900.0,22420.0,16593.0
99,Nashville Hot Chicken,51,4.0,$$,+13239290677,(323) 929-0677,5173.007941193443,34.105918,-118.337921,90068,Hollywood,952100.0,67500.0,2925.0
100,Taco Zone,670,4.5,$,,,5915.086288492655,34.0807756721835,-118.261483535171,90026,Los Angeles,551500.0,44327.0,16063.0
101,Adrians Taco Trailer,45,4.5,$,+13237153735,(323) 715-3735,8884.58028399605,34.0317476,-118.2319277,90021,Los Angeles,444000.0,13415.0,1908.0
102,Juan23 Food Truck,18,4.5,$,+13232025701,(323) 202-5701,8661.494517196104,34.13376,-118.3567745,90068,Los Angeles,952100.0,67500.0,2925.0
105,Tanota Takoyaki,240,3.5,$,+12136260481,(213) 626-0481,7644.057621121172,34.074348449707,-118.21558380127,90012,Los Angeles,394500.0,28879.0,9618.0
106,Mangia Italian Ristorante on Wheels,53,3.5,$,+15624001946,(562) 400-1946,5285.093631999208,34.0418495983495,-118.269195556641,90015,Los Angeles,429100.0,27393.0,11100.0
107,Last Call Tacos,19,5.0,$,+13232182327,(323) 218-2327,4074.5471515769796,34.0838,-118.2737,90026,Los Angeles,551500.0,44327.0,16063.0
108,Paja Empanadas,2,4.5,$,+16269913000,(626) 991-3000,5301.166239163151,34.046254089225,-118.266896385371,90015,Los Angeles,429100.0,27393.0,11100.0
109,Let's Thai Food Truck,50,3.5,$$,+15623249683,(562) 324-9683,10873.586508385239,34.0621074332531,-118.203341859405,90210,Bell Gardens,1000001.0,132254.0,2147.0
110,Daniel's Food Truck,11,3.5,$,+13233176579,(323) 317-6579,1869.4604386745207,34.0616415015793,-118.30108646422,90010,Los Angeles,514300.0,51359.0,8309.0
111,NoMad Food Truck,23,3.5,$$,,,1878.8445269277697,34.0621299743652,-118.300994873047,90010,Los Angeles,514300.0,51359.0,8309.0
112,Maria's 'Catering' Taco Truck,17,4.0,$,+13234957669,(323) 495-7669,1321.8399188443752,34.0576679061626,-118.307836895208,90005,Los Angeles,633600.0,31893.0,34761.0
113,Gateway to Go Food Truck Lot,27,3.5,$$,,,14189.500984347575,33.9468517158164,-118.388753040475,90045,Los Angeles,661700.0,77893.0,3681.0
114,El Paladar Oaxaqueno Taco Truck,176,4.0,$,+13106910138,(310) 691-0138,12490.182080636077,34.044082,-118.455299,90025,Los Angeles,669100.0,73478.0,16402.0
115,Tacos El Gordo,56,3.0,$,,,13647.668820552597,33.9415968616112,-118.35251056165,90301,Inglewood,280800.0,38160.0,14760.0
116,Mariscos El Guero Taco Truck & Seafood,60,4.5,$,+13233334740,(323) 333-4740,13011.602914386342,33.9596504070305,-118.390694095245,90045,Los Angeles,661700.0,77893.0,3681.0
117,Marcel Food Truck,52,4.0,$,,,8401.25953713628,34.0334053039551,-118.244918823242,90021,Los Angeles,444000.0,13415.0,1908.0
118,Marisco El Jato Truck,29,3.5,$,,,15273.815558463459,34.0174779947591,-118.164396286011,90022,Los Angeles,294800.0,38925.0,15334.0
119,Chinese Laundry,60,4.0,$,+16198656807,(619) 865-6807,7150.1508192250685,34.06757,-118.24115,90012,Los Angeles,394500.0,28879.0,9618.0
120,El Taco Toro,157,5.0,$,+14244143255,(424) 414-3255,11430.478910630822,33.99371,-118.41466,90230,Los Angeles,556700.0,71235.0,7048.0
121,Mr V's Cheesesteak On Wheels,40,4.0,$,+13232067738,(323) 206-7738,5636.419355831916,34.038923,-118.266659,90014,Los Angeles,345200.0,16551.0,24737.0
122,Primo's Antojitos Mexicanos,53,5.0,$,+13234019847,(323) 401-9847,10310.357046902554,34.0446119,-118.211358,90033,Los Angeles,291100.0,28005.0,14954.0
123,Woody's Grill Truck,89,3.5,$$,+13104379095,(310) 437-9095,12344.888154732664,34.1638342,-118.3736328,91601,North Hollywood,464200.0,48638.0,14028.0
124,Swami's Sandwiches Food Truck,74,4.5,$$,+13235107123,(323) 510-7123,6632.186047077615,34.0630308941709,-118.249404217752,90015,Los Angeles,429100.0,27393.0,11100.0
125,Ladies Night Out,9,5.0,$,,,12134.113529161543,34.1690903,-118.3442307,91505,Burbank,530600.0,77378.0,6106.0
126,El Milagro,43,4.5,$,+13234235566,(323) 423-5566,9079.118737023136,34.0774040222168,-118.224678039551,90031,Los Angeles,340500.0,34655.0,11383.0
127,Joe's Pizza Truck,22,4.0,$,+13236564800,(323) 656-4800,4584.01045199301,34.1019294,-118.3311749,90028,Hollywood,593900.0,30953.0,18838.0
128,The Friday Night Holy Roller Food Truck Revival,4,3.5,$$,,,10975.308193120969,34.0592818535367,-118.440490732977,90024,Los Angeles,963400.0,54373.0,16154.0
129,Bison Burger,64,4.0,$$,+13234062303,(323) 406-2303,10402.494820890166,34.0236705,-118.2180793,90023,Los Angeles,287500.0,33849.0,10866.0
130,Chomp Chomp Food Truck,53,5.0,$$,+18187325393,(818) 732-5393,11643.218501593854,34.151853,-118.2572827,91203,Glendale,373300.0,43078.0,16151.0
131,Slanging Corea,218,4.5,$,,,12428.113760631226,34.1646703,-118.3735643,91601,North hollywood,464200.0,48638.0,14028.0
132,Churro Boss,213,4.5,$,+12136182585,(213) 618-2585,17291.466082349496,34.064898,-118.133709,91754,Monterey Park ,488100.0,57630.0,7224.0
133,Plant Food For People,178,4.5,$,,,13743.900882970853,34.1092338562012,-118.196769714355,90042,Los Angeles,382100.0,50996.0,13444.0
134,Tacos Los Reyes,40,4.0,$,+13103079110,(310) 307-9110,1509.4746926120017,34.052661,-118.309038,90019,Los Angeles,617300.0,42043.0,16578.0
135,Made In Brooklyn NY Pizza Truck,120,3.5,$,+18444074992,(844) 407-4992,5580.8995529348895,34.0387725830078,-118.26114654541,90015,Los Angeles,429100.0,27393.0,11100.0
136,Habibi Shack Food Truck,27,4.5,$$,+16266588642,(626) 658-8642,4964.923274456955,34.097817,-118.2898677,90027,Los Angeles,793200.0,47993.0,5464.0
137,Buddha Belly,115,4.0,$$,+16264938445,(626) 493-8445,6638.25792684683,34.0438200280931,-118.252910894549,90015,Los Angeles,429100.0,27393.0,11100.0
138,Pickles & Peas Mediterranean Harvest,35,4.5,$$,+12137062555,(213) 706-2555,9822.686217219161,33.98868,-118.2612,90011,Los Angeles,269300.0,30171.0,24240.0
139,Tacos El Venado,398,4.0,$,+13239448320,(323) 944-8320,15203.106841129698,34.186612,-118.388237,91606,North Hollywood,363400.0,42521.0,13491.0
140,Birrieria San Marcos,100,4.0,$,+17472063989,(747) 206-3989,23849.199029940744,34.227452,-118.485642,91343,Los Angeles,380400.0,54166.0,10193.0
141,El Flamin' Taco,50,4.0,$,+12139253002,(213) 925-3002,8671.240092027518,34.12462,-118.2657,90039,Los Angeles,600000.0,64080.0,7563.0
142,Oaxaca on Wheels,46,3.5,$,+13238053028,(323) 805-3028,13179.204175131508,34.0413907,-118.46234,90016,Los Angeles,358000.0,37242.0,13123.0
143,Tacos El Güerro,77,4.5,$,+13237073929,(323) 707-3929,15932.502214719685,34.012313,-118.1590196,90023,Los Angeles,287500.0,33849.0,10866.0
144,The Pointe-Food Truck Triangle,2,4.0,$$,+16267825562,(626) 782-5562,10585.450721575506,34.156474,-118.330695,91505,Burbank,530600.0,77378.0,6106.0
145,Cemitas Poblanas,47,4.0,$,+19092361797,(909) 236-1797,10745.597132728511,34.036758,-118.434098,90064,Los Angeles,904200.0,84579.0,6350.0
146,La Isla Bonita,273,4.5,$,+13106998575,(310) 699-8575,15865.099699744324,33.9974577143316,-118.475170098245,90291,Venice,992700.0,79736.0,11359.0
147,Love Bird,72,4.5,$$,+18183093381,(818) 309-3381,14331.750653749592,34.032096862793,-118.472816467285,90404,Santa Monica,622000.0,59695.0,10723.0
149,Tacos & Tamales,7,4.5,$,+12134446709,(213) 444-6709,4729.601435118041,34.0521354675293,-118.371482849121,90035,Los Angeles,842500.0,75863.0,13808.0
150,Fettes Schwein Food Truck,28,4.5,$,+13235611675,(323) 561-1675,14515.944272674924,34.0053558349609,-118.479789733887,90405,Santa Monica,1000001.0,75717.0,10272.0
151,Me So Hungry Truck,268,3.5,$$,+13103630946,(310) 363-0946,12305.625781423201,33.9788284301758,-118.249931335449,90001,Los Angeles,249600.0,35097.0,16306.0
152,Pho King Awesome Food Truck,28,4.0,$$,+15622927812,(562) 292-7812,9627.652417125457,34.03313,-118.43872,90064,Los Angeles,904200.0,84579.0,6350.0
153,Pinch Of Flavor,116,4.0,$,+12138805513,(213) 880-5513,14515.944272674924,34.0053558349609,-118.479789733887,90405,Santa Monica,1000001.0,75717.0,10272.0
154,Truck It Fest,24,3.5,$$,+12139738078,(213) 973-8078,6978.63487596806,34.0504115,-118.2466356,90012,Los Angeles,394500.0,28879.0,9618.0
155,El Tauro Taco,244,4.0,$,+12133931170,(213) 393-1170,1151.448623926047,34.06169,-118.31117,90010,Los Angeles,514300.0,51359.0,8309.0
156,Wicked Fish Tacos,89,4.0,$,+13103435579,(310) 343-5579,15516.301835477236,33.9220713,-118.3244604,90250,Hawthorne,397500.0,45995.0,13920.0
157,Crispy Hot Pancake,42,4.5,$,+19096308002,(909) 630-8002,7841.179723055484,34.0449002793145,-118.238685764372,90013,Los Angeles,312200.0,20271.0,17546.0
158,Zugo Liquitarian Truck,33,4.5,$$,+13107206700,(310) 720-6700,4334.582915216886,34.09996,-118.32625,90027,Los Angeles,793200.0,47993.0,5464.0
159,Takuma's Burger,79,4.5,$,+12138649305,(213) 864-9305,6098.256985472968,34.0924164,-118.2666178,90026,Los Angeles,551500.0,44327.0,16063.0
160,Sonoritas Prime Tacos,1165,4.0,$$,+13104449100,(310) 444-9100,11466.19898658976,34.04093,-118.44328,90025,Los Angeles,669100.0,73478.0,16402.0
161,Los Originales Tacos Arabes de Puebla,110,4.5,$,+12134530193,(213) 453-0193,12038.28724172106,34.019054,-118.201236,90023,Los Angeles,287500.0,33849.0,10866.0
162,White Rabbit Truck,628,3.5,$,+18889072248,(888) 907-2248,7150.1508192250685,34.0569114685059,-118.243949890137,90012,Los Angeles,394500.0,28879.0,9618.0
164,Angelica's Mexican Food,20,3.5,$,+13237322554,(323) 732-2554,1273.3145463721794,34.065359,-118.308328,90020,Los Angeles,511800.0,38510.0,34475.0
165,Humble Crust Pizza Truck,91,4.5,$$,+12137441111,(213) 744-1111,2941.2851290187855,34.0477275,-118.3485724,90019,Los Angeles,617300.0,42043.0,16578.0
166,BrewWings,229,3.5,$$,+15623538999,(562) 353-8999,7150.1508192250685,34.05814,-118.24666,90012,Los Angeles,394500.0,28879.0,9618.0
167,Royal Kebab,6,4.5,$$,+18186798099,(818) 679-8099,10846.83266866932,34.0618522,-118.2034537,90033,Los Angeles,291100.0,28005.0,14954.0
168,Mastermind,8,3.0,$$,+16268072332,(626) 807-2332,10721.842983820758,34.0625504041905,-118.205040356745,90033,Los Angeles,291100.0,28005.0,14954.0
169,Tacos Palacios,143,4.5,$,+13235040881,(323) 504-0881,10691.412550401672,34.151939,-118.361105,91602,Toluca lake,600000.0,66652.0,8535.0
170,Tacos Maggie,98,4.5,$,+16573351697,(657) 335-1697,36578.32050684501,33.869912550386,-117.999107010913,90621,Buena Park,394900.0,54126.0,8487.0
171,Pepe's Taco Truck,8,3.5,$,,,3719.6761058615366,34.032706,-118.341747,90016,Los Angeles,358000.0,37242.0,13123.0
172,Belly BombZ,26,3.5,$$,+18183051865,(818) 305-1865,28797.49834174534,33.802948,-118.305371,90710,Los Angeles,400400.0,54065.0,10797.0
173,Cemitas Tepeaca,19,4.5,$,,,11965.103779500661,34.02672,-118.19854,90023,Los Angeles,287500.0,33849.0,10866.0
174,Asadero Chikali,170,4.0,$,+13233142666,(323) 314-2666,15749.910745881347,34.02938,-118.15485,90022,Los Angeles,294800.0,38925.0,15334.0
175,Zema,34,3.5,$$,,,7257.213668457993,34.0521869093457,-118.243424892426,90024,Los Angeles,963400.0,54373.0,16154.0
176,Occasion Food Truck,15,4.5,$$,+19099658839,(909) 965-8839,7150.1508192250685,34.05814,-118.24666,90012,Los Angeles,394500.0,28879.0,9618.0
177,Cena Vegan,343,4.5,$,+13232508965,(323) 250-8965,9678.80377380471,34.079132,-118.218456,90031,Los Angeles,340500.0,34655.0,11383.0
178,Churros Don Abel,695,5.0,$,+15626125991,(562) 612-5991,16311.747531106907,34.019058270168,-118.151953895106,90022,East Los Angeles,294800.0,38925.0,15334.0
179,Los Jardineros,2,5.0,$$,,,10761.616093842384,34.0966339,-118.4301224,90210,Beverly Hills,1000001.0,132254.0,2147.0
180,The Churro Man,81,5.0,$,+18186001163,(818) 600-1163,23802.59694515386,34.2481903,-118.4481374,91331,Arleta,283000.0,51477.0,11713.0
181,Birrieria Villalobos,52,3.5,$,+13236188129,(323) 618-8129,18418.3916488125,34.1765248,-118.4654557,91411,Van Nuys,456400.0,44570.0,12059.0
182,Primo's Taqueria,6,5.0,$,,,9775.051117641036,34.0640114834865,-118.215304665715,90031,Los Angeles,340500.0,34655.0,11383.0
183,Birria De Res La Tia Juana,23,4.0,$,+12139859778,(213) 985-9778,11862.41730347745,33.97477,-118.246586,90001,Los Angeles,249600.0,35097.0,16306.0
184,Downtown Taco Co,79,3.0,$$,+12136283091,(213) 628-3091,7888.116353148187,34.0462884820118,-118.237773,90012,Los Angeles,394500.0,28879.0,9618.0
185,Levon's Quality Food,13,3.0,$,+18183356803,(818) 335-6803,4817.940810315328,34.0981332475309,-118.293273746967,90027,Los Angeles,793200.0,47993.0,5464.0
186,Armando's Hot Food,23,4.5,$,+13235411140,(323) 541-1140,3827.9311357427823,34.094654083252,-118.309577941895,90028,Los Angeles,593900.0,30953.0,18838.0
187,The Tropic Truck,99,4.0,$$,+13234776764,(323) 477-6764,22277.30577031257,34.1850984,-118.130828,91001,Altadena,550000.0,85108.0,4368.0
188,NoHo Husky Food Truck Fest,1,4.0,$$,+18183051865,(818) 305-1865,13107.035706826497,34.1648785,-118.3899807,91607,Los Angeles,594100.0,56635.0,11448.0
189,Panchos Truck,5,5.0,$,,,1270.8761518438225,34.0551261901855,-118.33275604248,90019,Los Angeles,617300.0,42043.0,16578.0
190,Salina's Churro Truck,78,4.0,$,+13233957925,(323) 395-7925,10475.253667226772,34.0475272,-118.2088738,90033,Los Angeles,291100.0,28005.0,14954.0
191,Pinches Tacos,856,4.0,$$,+13236500614,(323) 650-0614,5860.408350464527,34.09772,-118.36769,90046,Los Angeles,873100.0,52641.0,8405.0
192,Arturo's BBQ,10,4.0,$$,+18186340669,(818) 634-0669,15619.920496281053,34.1300239,-118.4695226,90077,Los Angeles,1000001.0,168036.0,1279.0
193,Funky Chef Cafe Truck,35,3.5,$$,+14243211083,(424) 321-1083,12122.35108971267,34.00083,-118.43176,90066,Culver City,727800.0,66744.0,11231.0
194,Mariscos Linda Truck,29,4.5,$$,+13232039985,(323) 203-9985,13038.685658973982,34.0556945226089,-118.180020859869,90063,Los Angeles,273400.0,38441.0,17038.0
195,Mariscos El Hermano,70,4.5,$,+13236970366,(323) 697-0366,10657.13581128685,34.0020840615034,-118.230310901999,90058,Vernon,191100.0,16750.0,555.0
196,Taqueria Mi Ranchito,329,5.0,$,+17472816544,(747) 281-6544,29888.08298971942,34.312852,-118.436799,91342,Sylmar,322400.0,59329.0,1665.0
197,Eyes & Ears Corn Roasters,16,5.0,$,+19286006174,(928) 600-6174,10328.793081681564,34.0800094604492,-118.212005615234,90031,Los Angeles,340500.0,34655.0,11383.0
198,La Tehuana,38,4.5,$,,,2075.6983195016232,34.069319,-118.300869,90020,Los Angeles,511800.0,38510.0,34475.0
199,Shrimp Daddy - Smorgasburg,222,4.0,$$,+13233013396,(323) 301-3396,8273.650671033482,34.031316,-118.2393494,90021,Los Angeles,444000.0,13415.0,1908.0
200,Rolling Burger Barns,33,4.0,$,+16269913000,(626) 991-3000,5297.372437656468,34.046135,-118.266989,90015,Los Angeles,429100.0,27393.0,11100.0
201,The Fry Girl,69,4.5,$,+12135901710,(213) 590-1710,8319.774223452625,34.00752,-118.25866,90011,Los Angeles,269300.0,30171.0,24240.0
202,Todoriko grill hot dogs,2,3.5,$,,,5471.805067834064,34.04567,-118.265182,90015,Los Angeles,429100.0,27393.0,11100.0
203,Guisados DTLA,1839,4.5,$,+12136277656,(213) 627-7656,6725.171634158761,34.0465305975394,-118.250679851854,90013,Los Angeles,312200.0,20271.0,17546.0
204,Tacos Los Poblanos,234,4.5,$,+13236729485,(323) 672-9485,9572.12591289189,33.9891021960076,-118.265354705316,90011,Los Angeles,269300.0,30171.0,24240.0
205,Guerrilla Tacos,824,4.0,$$,+12133753300,(213) 375-3300,8761.090830547706,34.034399,-118.232130253186,90021,Los Angeles,444000.0,13415.0,1908.0
206,Urban Espresso,29,4.5,$,+15627946484,(562) 794-6484,5580.8995529348895,34.03983,-118.26855,90015,Los Angeles,429100.0,27393.0,11100.0
207,Mariscos Los Tres Animales,5,5.0,$$,+13107229843,(310) 722-9843,17563.785668145272,33.908493,-118.2744972,90061,Los Angeles,256400.0,33476.0,10094.0
208,Tito's Tacos,8,4.0,$,,,19344.585234716367,34.1727472017229,-118.159732930362,91103,Pasadena,520000.0,59682.0,5122.0
209,Tortas Gigantes - El Monje Loco,18,4.0,$$,+13234072953,(323) 407-2953,1950.2745416406487,34.0468789,-118.309852600098,90019,Los Angeles,617300.0,42043.0,16578.0
210,The Frankenstand,67,4.5,$,+18183984852,(818) 398-4852,7079.830618359903,34.1072387695312,-118.364761352539,90046,Los Angeles,873100.0,52641.0,8405.0
211,Crazy Tacos,1,5.0,$$,+13108673948,(310) 867-3948,5634.818461184344,34.1036527286841,-118.287258893251,90027,Los Angeles,793200.0,47993.0,5464.0
212,Tacos Del Valle,49,4.0,$,+13104334345,(310) 433-4345,11666.164879751548,34.0061611809921,-118.428872823715,90066,Venice,727800.0,66744.0,11231.0
213,Dreamy Creations,47,4.0,$,+18188820120,(818) 882-0120,7150.1508192250685,34.0569114685059,-118.243949890137,90012,Los Angeles,394500.0,28879.0,9618.0
214,Mariscos El Faro,46,4.0,$,+13233593814,(323) 359-3814,13693.04475354082,34.113406,-118.186492,90042,Los Angeles,382100.0,50996.0,13444.0
215,Tres Ranas Food Truck,5,5.0,$$,+18182003000,(818) 200-3000,13005.989772726434,34.1683058600854,-118.379214407085,91601,Los Angeles,464200.0,48638.0,14028.0
216,Tortas Gigantes El Monje Loco,7,4.5,$$,+13237369569,(323) 736-9569,10232.60915665619,34.0242848652171,-118.219857662916,90023,Los Angeles,287500.0,33849.0,10866.0
217,Tacos Eronga #2,8,5.0,$,+18189436380,(818) 943-6380,18724.584789326596,34.2229811561677,-118.379444740713,91352,Los Angeles,338300.0,48844.0,4097.0
218,Tacos La Tehuanita,118,5.0,$,+13232437715,(323) 243-7715,12555.808060052332,34.1211685401886,-118.205555453897,90042,Los Angeles,382100.0,50996.0,13444.0
219,Chez Salim Chicken and Rice Food Truck,52,3.5,$,+19253502006,(925) 350-2006,4334.582915216886,34.09996,-118.32625,90028,Hollywood,593900.0,30953.0,18838.0
220,El Flamin Taco Truck,194,4.0,$,+12139254118,(213) 925-4118,5648.94890570833,34.07739,-118.26316,90026,Los Angeles,551500.0,44327.0,16063.0
221,Alegria Food Truck,31,3.5,$$,+18182820115,(818) 282-0115,29635.70013791908,34.1989453,-118.597305,91303,Los Angeles,330900.0,47484.0,12413.0
222,Elotes Don Goyo,4,3.5,$,,,8705.32295896478,33.9966354404809,-118.268644840068,90011,Los Angeles,269300.0,30171.0,24240.0
223,Juana La Cubana,14,4.0,$,,,6018.341894489444,34.0310740470886,-118.267290517688,90007,Los Angeles,388900.0,22420.0,16593.0
224,Eat See Hear,120,4.0,$$,+12134674393,(213) 467-4393,7193.980371228938,34.10161,-118.30206,90027,Los Angeles,793200.0,47993.0,5464.0
225,Pico House,94,5.0,$$,+18189262905,(818) 926-2905,4905.761901632127,34.0324287414551,-118.359230041504,90016,Los Angeles,358000.0,37242.0,13123.0
226,Original Gourmet Kebab,37,4.0,$,+13234415215,(323) 441-5215,6066.172819089638,34.031271,-118.266644,90007,Los Angeles,388900.0,22420.0,16593.0
227,Alejandra’s Quesadilla Cart,167,4.5,$,+13233833580,(323) 383-3580,6137.402384560244,34.0760671,-118.257599,90026,Los Angeles,551500.0,44327.0,16063.0
228,Mariscos Silvia's,7,4.0,$,+12132356636,(213) 235-6636,10177.577653573318,34.0261002,-118.2192612,90023,Los Angeles,287500.0,33849.0,10866.0
229,Danny's Tacos,395,3.5,$,+13235297486,(323) 529-7486,5904.5711867575155,34.04261,-118.26147,90015,Los Angeles,429100.0,27393.0,11100.0
230,Tacos La Guera,31,4.5,$,+13234416702,(323) 441-6702,11318.083700680532,34.0617397480252,-118.198515274844,90033,Los Angeles,291100.0,28005.0,14954.0
231,Sur Sushi,214,4.5,$,+18187996422,(818) 799-6422,23993.728740366747,34.24262,-118.46379,91343,North Hills,380400.0,54166.0,10193.0
232,Farmers Belly,73,3.5,$$,+12133217714,(213) 321-7714,4424.733221753789,34.0990982055664,-118.330963134766,90028,Los Angeles,593900.0,30953.0,18838.0
233,Tacos El Primo,155,4.5,$,+13234926351,(323) 492-6351,6446.511146881125,34.0330513,-118.3822857,90034,Los Angeles,637100.0,56946.0,18621.0
234,Taco Sinaloa Truck,27,4.5,$,,,1836.5326515171853,34.0577,-118.30201,90005,Los Angeles,633600.0,31893.0,34761.0
235,Tacos Super Gallito,127,3.5,$,+13233278032,(323) 327-8032,2760.7885606510654,34.0463239,-118.3450144,90019,Los Angeles,617300.0,42043.0,16578.0
236,JAPADOG California,276,4.0,$,,,17263.41965993999,34.0091475690707,-118.497717149491,90401,Santa Monica,676800.0,62794.0,7917.0
237,Epic Gourmet Taco and Catering,221,4.5,$,+16613134293,(661) 313-4293,17334.436541284635,34.2134896,-118.3637332,91352,Sun Valley,338300.0,48844.0,4097.0
238,Eagles Tacos,109,4.5,$,+13234044000,(323) 404-4000,13401.935443195118,34.139097,-118.209915,90041,Los Angeles,535500.0,63770.0,7595.0
239,El Primo Tacos,266,5.0,$,,,14780.562801066191,33.998511,-118.462557,90291,Venice,992700.0,79736.0,11359.0
240,Elio’s Wood Fire Pizza,109,4.5,$,+13236201431,(323) 620-1431,4597.221447488446,34.080274,-118.269836,90026,Los Angeles,551500.0,44327.0,16063.0
241,La Reyna Tacos,35,4.5,$,,,3162.819389983688,34.0884873,-118.3102128,90038,Los Angeles,525800.0,35144.0,18460.0
242,JAPADOG,52,4.5,$,,,29646.09339213661,33.79445,-118.29918,90710,Los Angeles,400400.0,54065.0,10797.0
243,ALJ Taco Truck,37,4.5,$,,,2943.52399863366,34.06158,-118.2894267,90010,Los Angeles,514300.0,51359.0,8309.0
244,Not Your Mamas Kitchen,24,4.5,$,+14245356965,(424) 535-6965,22208.619330855618,33.8316116333008,-118.262092590332,90221,Carson,237100.0,42853.0,10072.0
245,Food Truck Chow Down,3,4.5,$,,,8012.931086133135,34.0658638,-118.2341828,90012,Los Angeles,394500.0,28879.0,9618.0
246,food truck carmen's,1,3.0,$,+12138649011,(213) 864-9011,1804.3041107186334,34.057655498541,-118.302378505468,90005,Los Angeles,633600.0,31893.0,34761.0
247,First Friday,20,4.0,$$,,,15381.726590560682,33.990139,-118.4649124,90291,Venice,992700.0,79736.0,11359.0
248,Ridges Churro Bar,214,4.0,$,,,6707.647988501463,34.0434989929199,-118.250205993652,90014,Los Angeles,345200.0,16551.0,24737.0
249,Tacos El Junior,9,4.5,$,+13234245886,(323) 424-5886,12260.298308532767,34.0033070759889,-118.434321803481,90066,Los Angeles,727800.0,66744.0,11231.0
250,Sticky Rice on Wheels,11,3.5,$,+13232848744,(323) 284-8744,6740.418682821416,34.0505289,-118.2486189,90013,Los Angeles,312200.0,20271.0,17546.0
251,The Surfer Taco Truck,99,3.5,$,,,3415.5593818130023,34.062573,-118.35844,90017,Los Angeles,417600.0,21030.0,32725.0
252,Shake Ramen,137,4.0,$,+13108530316,(310) 853-0316,17830.071574747246,33.9014454,-118.3311728,90250,Hawthorne,397500.0,45995.0,13920.0
253,Mariscos El Rey Del Mar,36,4.5,$,+13233277046,(323) 327-7046,9995.497963318527,34.0527076721191,-118.213409423828,90033,Los Angeles,291100.0,28005.0,14954.0
254,Gorditas Lupita,83,4.5,$,+13233784675,(323) 378-4675,9766.28103668364,34.1149749755859,-118.240303039551,90065,Los Angeles,453400.0,53635.0,8625.0
255,La Estrella Taco Truck,123,4.0,$,+13232686897,(323) 268-6897,13540.260279537864,34.139599,-118.208463,90041,Los Angeles,535500.0,63770.0,7595.0
256,Serendoggity,33,4.5,$,+13234563034,(323) 456-3034,7682.32674884581,34.04604,-118.24523,90013,Los Angeles,312200.0,20271.0,17546.0
257,Ralph & Richies,90,4.0,$$,+18183705049,(818) 370-5049,9393.44142998649,34.0083503723145,-118.259407043457,90011,Los Angeles,269300.0,30171.0,24240.0
258,Tire Shop Taqueria,493,4.5,$,+13232352812,(323) 235-2812,7743.367507855298,34.0097381464074,-118.265285901725,90011,Los Angeles,269300.0,30171.0,24240.0
259,HomeRun Sliders,36,3.5,$$,+19092422014,(909) 242-2014,7257.028806804733,34.0523825608538,-118.243392813492,90021,Los Angeles,444000.0,13415.0,1908.0
260,Thai Mex Cocina,42,4.0,$,+13103827617,(310) 382-7617,16332.952083259806,34.019457,-118.491193,90401,Santa Monica,676800.0,62794.0,7917.0
261,The Holy Grill 770,42,4.5,$$,+12134449681,(213) 444-9681,6332.580959616452,34.03367,-118.26145,90015,Los Angeles,429100.0,27393.0,11100.0
262,Mexican ChuckWagon Fusion,13,4.5,$$,+13109024916,(310) 902-4916,4905.761901632127,34.0284004211426,-118.354179382324,90016,Los Angeles,358000.0,37242.0,13123.0
263,Tacos Al Pastor,111,4.0,$,+13236449806,(323) 644-9806,3707.421686210399,34.09105,-118.30227,90029,Los Angeles,511100.0,36979.0,28359.0
264,El Hamecla Mariscos Truck,9,5.0,$,,,13913.680485261093,34.006922211882,-118.45720177692,90291,Los Angeles,992700.0,79736.0,11359.0
265,The Slummin' Gourmet,3,4.5,$$,+16264822950,(626) 482-2950,6100.573815539105,34.0151634,-118.2858658,90037,Los Angeles,271400.0,26796.0,21941.0
266,Cobblermania,120,5.0,$,+13233164793,(323) 316-4793,10975.833615501915,33.963428,-118.308866,90047,Los Angeles,286800.0,41842.0,10275.0
267,Tacos Super Gallito,43,3.5,$,+13233377097,(323) 337-7097,5531.375103439589,34.042263,-118.376704,90034,Los Angeles,637100.0,56946.0,18621.0
268,Guisados,862,4.5,$,+13107770310,(310) 777-0310,6411.620748370255,34.0844498,-118.3853226,90069,West Hollywood,696700.0,75451.0,9688.0
269,Tijuana Dogs,19,4.5,$,,,5388.77831377168,34.0431251525879,-118.267120361328,90015,Los Angeles,429100.0,27393.0,11100.0
270,Crepe de Ville,20,4.0,$$,+13107108200,(310) 710-8200,11748.136110270752,34.1426287538417,-118.403247395801,91604,Los Angeles,824000.0,88579.0,5636.0
271,Silvia's Catering Truck,16,3.0,$,+12132356636,(213) 235-6636,10187.198336807354,34.02499,-118.21843,90023,Los Angeles,287500.0,33849.0,10866.0
272,Teddy's Red Tacos,306,4.5,$,+13234959654,(323) 495-9654,16216.874108107791,33.987238666,-118.47276166,90291,Venice,992700.0,79736.0,11359.0
273,Charlie's Tacos,231,2.5,$,+13235450033,(323) 545-0033,12444.040564619903,34.121467,-118.207214,90042,Los Angeles,382100.0,50996.0,13444.0
274,Saffroni Mobile Bistro,1,5.0,$,+18185228294,(818) 522-8294,5164.4761728229605,34.0249667726751,-118.286907859147,90007,Los Angeles,388900.0,22420.0,16593.0
275,Taco Dollar,211,4.0,$,,,14187.990496458688,33.9367154381471,-118.35299950093,90304,Inglewood,312000.0,37783.0,18007.0
276,Tastebuds,6,4.5,$,+18184817580,(818) 481-7580,10179.680437677434,34.0502395629883,-118.210830688477,90033,Los Angeles,291100.0,28005.0,14954.0
277,The Big Cheese,48,3.5,$$,,,14030.047284406226,34.0519409179688,-118.47306060791,90049,Brentwood,1000001.0,110854.0,2362.0
278,Los Famosos Tacos Al Carbon,9,4.0,$,+13239012535,(323) 901-2535,13945.435760435628,34.044023359763,-118.171501440178,90022,East Los Angeles,294800.0,38925.0,15334.0
279,Duck In the Truck,8,4.0,$,+16262715371,(626) 271-5371,4822.952827334233,34.0369708,-118.2782814,90015,Los Angeles,429100.0,27393.0,11100.0
280,Tacos El Compita,60,4.5,$,+12138049190,(213) 804-9190,8218.187853343488,34.02741,-118.24225,90021,Los Angeles,444000.0,13415.0,1908.0
281,Richeeze,235,3.5,$$,+18668090263,(866) 809-0263,1155.3405861977853,34.05843,-118.3057,90005,Los Angeles,633600.0,31893.0,34761.0
282,El Huero,794,3.5,$,+12137470012,(213) 747-0012,5728.629465384992,34.02479918,-118.27785659,90007,Los Angeles,388900.0,22420.0,16593.0
283,Hot Dogs King,17,3.0,$,+13233592860,(323) 359-2860,6142.959360716333,34.0493230918898,-118.256425139832,90017,Los Angeles,417600.0,21030.0,32725.0
284,Leo's Tacos Truck,148,4.0,$,+13233462001,(323) 346-2001,22972.08115855275,34.2285213926147,-118.468446847191,91343,Los Angeles,380400.0,54166.0,10193.0
285,Guacamole Y Mas,31,4.5,$,+12132920009,(213) 292-0009,6335.298749423414,34.0757101424783,-118.254746831954,90013,Los Angeles,312200.0,20271.0,17546.0
286,Ruben's Tacos Of Sepulveda,34,3.5,$,+13103439200,(310) 343-9200,10561.03950560008,34.0267190009335,-118.427999343599,90034,Los Angeles,637100.0,56946.0,18621.0
287,Mi Teresita Taco Truck,73,4.5,$,,,3642.038971736826,34.0925834,-118.3090551,90029,Los Angeles,511100.0,36979.0,28359.0
288,Mariscos 4 Vientos,657,4.0,$,+13232664045,(323) 266-4045,10848.761367210378,34.02141,-118.21404,90023,Los Angeles,287500.0,33849.0,10866.0
289,Phillyfornia,90,3.5,$,+18188094580,(818) 809-4580,12210.969938933764,34.1644501,-118.3678351,91601,North Hollywood,464200.0,48638.0,14028.0
290,Abigail's Tacos,4,4.0,$,+12139157754,(213) 915-7754,9332.330622359677,34.0230329102087,-118.230445342896,90021,Los Angeles,444000.0,13415.0,1908.0
291,Tacos Tacuba,51,4.5,$,,,16835.574810666498,34.1715097247137,-118.447147193649,91401,Van Nuys,506100.0,46420.0,11377.0
292,Mary's Food,38,4.5,$,,,10516.419160243242,34.14234,-118.261921,90057,Los Angeles,282600.0,28035.0,50810.0
293,Wacky Shrimp,50,4.5,$,+13102200236,(310) 220-0236,15792.145030433747,33.92754,-118.37807,90304,Inglewood,312000.0,37783.0,18007.0
294,Tacos De Huichos,29,4.0,$,+18182209086,(818) 220-9086,25500.841996223055,34.2571571412963,-118.466136418283,91345,Mission Hills,318800.0,60352.0,5705.0
295,CVT Soft Serve,133,5.0,$,,,6850.218749233877,34.117684429841,-118.352132840295,91423,Los Angeles,755300.0,74011.0,7103.0
296,Recess Truck,69,4.0,$$,+16262099831,(626) 209-9831,5916.277715818016,34.040472,-118.2624381,90015,Los Angeles,429100.0,27393.0,11100.0
297,Tacos Super Gallito,15,3.0,$,,,11548.325379814134,34.0634,-118.44671,90024,Los Angeles,963400.0,54373.0,16154.0
298,Tatiana's Catering Truck,15,3.5,$,+14242042642,(424) 204-2642,12094.338522158185,34.0040920015154,-118.432790495185,90066,Los Angeles,727800.0,66744.0,11231.0
299,Tacos Tamix,75,4.5,$,+13237435206,(323) 743-5206,10356.057612308734,34.012983,-118.41725,90230,Culver City,556700.0,71235.0,7048.0
300,Pink's Hot Dogs,7136,3.5,$,+13239314223,(323) 931-4223,3252.590395173509,34.08403,-118.34439,90038,Los Angeles,525800.0,35144.0,18460.0
301,Guisados,2470,4.5,$,+13232647201,(323) 264-7201,10233.034783234114,34.04812,-118.21147,90033,Los Angeles,291100.0,28005.0,14954.0
302,Tacos El Sapo,150,4.5,$,+13232003711,(323) 200-3711,17893.662577679144,34.011004,-118.1370348,90022,Los Angeles,294800.0,38925.0,15334.0
303,Hungry Belly,33,3.0,$$,+16268484321,(626) 848-4321,11996.68164995187,34.0583969,-118.1912081,90063,Los Angeles,273400.0,38441.0,17038.0
304,El Taquero Locochon,40,4.5,$,+18183105940,(818) 310-5940,21671.47137743989,34.1635450396,-118.522001536,91316,Los Angeles,487700.0,59199.0,5372.0
306,Taquizas Gilberto,40,4.5,$,+16269174095,(626) 917-4095,31381.546911502246,34.039481,-117.981804,91746,Industry,306300.0,59016.0,5473.0
308,Los Tamaleros,33,4.0,$,+17472728047,(747) 272-8047,11542.6237859271,33.9686,-118.27474,90003,Los Angeles,231700.0,29686.0,18660.0
310,Viva Taco Azteca,81,4.5,$,+18188630577,(818) 863-0577,12236.839956716316,34.106015480517,-118.19981502401,90042,Los Angeles,382100.0,50996.0,13444.0
311,Dona Estela,76,4.5,$,+12132801598,(213) 280-1598,8401.25953713628,34.0296859741211,-118.24137878418,90021,Los Angeles,444000.0,13415.0,1908.0
312,Cemitas Tepeyac,4,5.0,$,,,12053.496788639995,34.0262018789515,-118.197726500729,90023,Los Angeles,287500.0,33849.0,10866.0
313,Canvas Food Truck and Catering,89,4.0,$$,+15627615542,(562) 761-5542,8401.25953713628,34.0309258,-118.2380432,90021,Los Angeles,444000.0,13415.0,1908.0
314,RA's Hot Sauce Truck,1,5.0,$,+18189160897,(818) 916-0897,28534.682753546524,34.1787757873535,-118.60595703125,91367,Los Angeles,552000.0,76548.0,5308.0
315,Hungry Nomad Truck,136,3.5,$,+18776662310,(877) 666-2310,3244.6340713622035,34.0999984741211,-118.33332824707,90038,Hollywood,525800.0,35144.0,18460.0
316,Mariscos Linda's,3,4.5,$$,,,11599.124088980501,34.0217220341838,-118.205050764641,90023,Los Angeles,287500.0,33849.0,10866.0
317,Tacos Tamix,54,4.0,$,,,4199.970884638216,34.0398403839888,-118.28410897404,90007,Los Angeles,388900.0,22420.0,16593.0
318,Leo's Tacos Truck,83,4.0,$,+13233462001,(323) 346-2001,3356.7904560649363,34.046954,-118.289512,90019,Los Angeles,617300.0,42043.0,16578.0
319,Belly's Sliders & Wings,22,4.5,$$,+14242425554,(424) 242-5554,21665.643993811675,33.8953,-118.22728,90220,Carson,227500.0,43592.0,7138.0
320,Bobarrito,78,3.5,$$,+18886902622,(888) 690-2622,14040.554152898678,34.0300029,-118.4689268,90404,Santa Monica,622000.0,59695.0,10723.0
321,Hot Motha Clucker,406,4.5,$$,+18189008010,(818) 900-8010,14527.247747218044,34.15481932573,-118.431920584656,91423,Sherman Oaks,755300.0,74011.0,7103.0
322,Taco Truck,7,4.5,$,,,14861.636288973083,33.94335549631,-118.246203660965,90002,Los Angeles,216100.0,31258.0,16728.0
323,Mariscos El Ingrato,5,4.0,$,,,7636.006897539457,34.0459288144995,-118.240678417969,90002,Los Angeles,216100.0,31258.0,16728.0
324,Keep On Grubbin',25,4.5,$$,+16618574953,(661) 857-4953,9099.386119387813,34.1397694,-118.3505779,91355,Universal City,420700.0,88415.0,2107.0
325,Vendy Awards LA,4,5.0,$$,+12133680520,(213) 368-0520,3986.842120187841,34.058703,-118.278242,90057,Los Angeles,282600.0,28035.0,50810.0
326,Gourmet Food Trucks at the Victorian,25,3.5,$$,,,16374.48250178989,34.0020259,-118.4838472,90405,Santa Monica,1000001.0,75717.0,10272.0
327,Cemitas Tepeaca,30,3.5,$,+13238556131,(323) 855-6131,12111.251770054074,34.0401303811521,-118.192430727517,90063,Los Angeles,273400.0,38441.0,17038.0
328,Poke 2 Go,82,4.5,$$,+13109236636,(310) 923-6636,6635.732222075437,34.0437754,-118.2526369,90014,Los Angeles,345200.0,16551.0,24737.0
329,Kabob Express Fusion Truck,97,3.5,$,+12134079255,(213) 407-9255,7257.202405783415,34.052187,-118.243425,90017,Los Angeles,417600.0,21030.0,32725.0
330,Tacos El Jefe,53,4.5,$,+13233348039,(323) 334-8039,3377.3579014329357,34.0476343856121,-118.288818741874,90006,Los Angeles,392100.0,30961.0,30829.0
331,Tacos Cebrian,11,4.5,$,,,9609.189745143389,34.04784,-118.218414,90033,Los Angeles,291100.0,28005.0,14954.0
332,Main Squeeze Lemonade,39,3.5,$,+18189196098,(818) 919-6098,4424.733221753789,34.0990982055664,-118.330963134766,90028,Los Angeles,593900.0,30953.0,18838.0
333,The Greasy Wiener,177,4.0,$,+13235224449,(323) 522-4449,5580.8995529348895,34.03732,-118.26116,90015,Los Angeles,429100.0,27393.0,11100.0
334,Tomasino Catering Truck,3,4.5,$$,,,3278.4738011467794,34.09074,-118.32661,90038,Los Angeles,525800.0,35144.0,18460.0
335,Danny Immanuel Tacos,2,4.0,$$,,,3363.458378607725,34.0901416412367,-118.3093233527,90029,Los Angeles,511100.0,36979.0,28359.0
336,Chingón Catering,28,4.5,$$,+18183714006,(818) 371-4006,7900.218619164422,34.04582,-118.23774,90013,Los Angeles,312200.0,20271.0,17546.0
337,LA Trade Tech Food Truck,2,4.5,$,,,4834.60215645382,34.0370227,-118.2782302,90015,Los Angeles,429100.0,27393.0,11100.0
338,Ugly Drum,76,4.5,$$,+13239312583,(323) 931-2583,3125.962788005918,34.0822537,-118.3443913,90036,Los Angeles,945000.0,71589.0,14922.0
339,Bred's Nashville Hot Chicken,79,4.5,$$,+15628525333,(562) 852-5333,40485.14030031089,33.825923,-117.9868366,92805,Anaheim,349300.0,53532.0,11167.0
340,Cafe Vietnam Truck,282,4.5,$,+19496789281,(949) 678-9281,11491.952326215582,34.144987,-118.3950994,91604,Studio City,824000.0,88579.0,5636.0
341,Word Of Mouth Truck,62,4.5,$$,+13236101878,(323) 610-1878,18529.44886718095,34.2190562,-118.3872588,91605,North Hollywood ,339100.0,43301.0,10312.0
342,Wise Barbecue,125,3.5,$$,+13238280861,(323) 828-0861,2244.1898185687837,34.04749,-118.34694,90019,Los Angeles,617300.0,42043.0,16578.0
343,Santa Rita Jalisco Taco Truck,76,4.5,$,+13232612738,(323) 261-2738,13200.831466380223,34.0356751,-118.1814297,90063,Los Angeles,273400.0,38441.0,17038.0
344,Tacos El Gallazo,30,4.5,$,,,11502.901744110306,33.9598651,-118.2997764,90044,Los Angeles,269400.0,29870.0,17478.0
345,El Sazon De Las Gorditas,129,5.0,$,+16266771403,(626) 677-1403,35370.423569716404,34.0366748,-117.938646666272,91744,La Puente,285900.0,57291.0,9675.0
346,Charlie's Taco House,8,4.5,$,+13235450033,(323) 545-0033,12443.72500808839,34.121463,-118.207215,90042,Los Angeles,382100.0,50996.0,13444.0
347,La Estrella Food Truck,6,4.5,$,+13232664349,(323) 266-4349,11713.897176473285,34.0264168,-118.201622,90023,Los Angeles,287500.0,33849.0,10866.0
348,No Ho Summer Nights,1,5.0,$,,,12962.7625045613,34.1679593,-118.3799975,91601,Los Angeles,464200.0,48638.0,14028.0
349,Leo's Tacos Truck,50,4.0,$,+13233462001,(323) 346-2001,3327.320158467067,34.0443335,-118.2918743,90006,Los Angeles,392100.0,30961.0,30829.0
350,Tacos El Guero,40,4.5,$,,,22137.428719186595,33.89346,-118.19285,90221,Compton,237100.0,42853.0,10072.0
351,King Kone Ice Cream,110,4.0,$,+13232081403,(323) 208-1403,4910.824946898438,34.0761947631836,-118.375137329102,90048,Los Angeles,941100.0,72701.0,11350.0
352,Phantom Food Truck,12,4.0,$$,+16265738027,(626) 573-8027,26056.86189910257,34.12693,-118.05932,91007,Los Angeles,756600.0,73615.0,6134.0
353,Martha's Kitchen,6,4.5,$,+13107417589,(310) 741-7589,11194.368645941893,34.0422625,-118.4407095,90025,Los Angeles,669100.0,73478.0,16402.0
354,Margarita's Food Truck,2,5.0,$,,,13208.859797332814,34.1313882,-118.4374557,91423,Los Angeles,755300.0,74011.0,7103.0
355,Bangin Buns,903,4.0,$$,+18187914433,(818) 791-4433,17497.79051395927,34.2007353,-118.4101658,91605,North Hollywood,339100.0,43301.0,10312.0
356,Merci Clement Truck,31,4.5,$,+15622698542,(562) 269-8542,7651.685181616976,34.049423190418,-118.239630887237,90001,Los Angeles,249600.0,35097.0,16306.0
357,sushi burrito,2,2.0,$,,,12745.884843380787,34.16663,-118.38084,91601,Los Angeles,464200.0,48638.0,14028.0
359,Quesadillas jajaja,11,4.5,$$,+13236080294,(323) 608-0294,8394.14108562193,34.0300124,-118.238627,90021,Los Angeles,444000.0,13415.0,1908.0
360,Da Burger Boss - Truck,45,4.0,$,,,11247.440856710753,34.15516,-118.34302,91505,Los Angeles,530600.0,77378.0,6106.0
361,Brazilarica,2,3.5,$$,+13104339084,(310) 433-9084,12305.625781423201,33.97934,-118.24968,90001,Los Angeles,249600.0,35097.0,16306.0
362,Hide Away Cafe Mexican Grill,19,4.5,$,+18183579808,(818) 357-9808,24989.966184083925,34.282109,-118.372847,91342,Los Angeles,322400.0,59329.0,1665.0
363,Tacos 1986,493,4.0,$,+12139887202,(213) 988-7202,6678.33609472028,34.0458186,-118.2514334,90014,Los Angeles,345200.0,16551.0,24737.0
364,Guisados,2131,4.5,$,+12132507600,(213) 250-7600,6604.197846892978,34.0702395145121,-118.250448424643,90026,Los Angeles,551500.0,44327.0,16063.0
365,Best Fish Taco In Ensenada,2189,4.0,$,+13234665552,(323) 466-5552,5401.805241378904,34.1010002,-118.2872851,90027,Los Angeles,793200.0,47993.0,5464.0
366,Keep On Grubbin,6,4.5,$$,,,29094.72854986274,34.265007,-118.5200577,91344,Los Angeles,449600.0,77604.0,3153.0
367,Black Flour,18,4.5,$,+14243830831,(424) 383-0831,20186.845381072442,33.8931091185564,-118.402927145362,90266,Manhattan Beach,1000001.0,139259.0,8926.0
368,Chefs on fire,6,5.0,$,+18184194151,(818) 419-4151,28375.96748240244,34.2929472,-118.4515462,91606,Los Angeles,363400.0,42521.0,13491.0
369,Baby Lobster,51,3.0,$$,+12137470605,(213) 747-0605,6687.350021524503,34.038311,-118.2542496,90015,Los Angeles,429100.0,27393.0,11100.0
370,La Golondrina,61,4.5,$,+16262608270,(626) 260-8270,13656.57600030585,34.0868583200525,-118.176323681713,90032,Los Angeles,325100.0,46508.0,9604.0
371,Speedy Dogs Hot Dogs,18,5.0,$,+15623032072,(562) 303-2072,27849.266688555435,33.9069786071777,-118.08292388916,90650,Norwalk,315500.0,60770.0,10761.0
372,Rock & Rock Food Truck,8,4.0,$$,+12133921301,(213) 392-1301,16645.936382228283,34.0626945495605,-118.129096984863,91754,Monterey Park,488100.0,57630.0,7224.0
373,Tacos Fiesta L A,35,5.0,$,+19194231043,(919) 423-1043,12094.957842075184,34.1649704928219,-118.362230993807,91601,North Hollywood,464200.0,48638.0,14028.0
374,GerManLicious Truck,2,3.5,$,,,4485.8864128849245,34.0388,-118.281203,90015,Los Angeles,429100.0,27393.0,11100.0
375,Cheezus,46,3.5,$$,,,8272.065794361417,34.03152,-118.23649,90021,Los Angeles,444000.0,13415.0,1908.0
376,Matt's Coffee Express,18,4.5,$$,+18053773630,(805) 377-3630,2621.2715157210346,34.0837472012297,-118.331095576286,93010,Camarillo,474600.0,85479.0,1938.0
377,la juice truck,4,3.5,$$,,,6993.988214387301,34.0337199392508,-118.253321228891,90021,Los Angeles,444000.0,13415.0,1908.0
378,Tu Madre - Westwood,1215,3.5,$,+14248327092,(424) 832-7092,10597.300569872106,34.04738,-118.435126,90025,Los Angeles,669100.0,73478.0,16402.0
379,Huitlacoche,103,4.5,$,+13233810688,(323) 381-0688,2171.6325240364677,34.0607156,-118.3449314,90017,Los Angeles,417600.0,21030.0,32725.0
380,Valentino's Tacos,4,4.5,$$,+13108895089,(310) 889-5089,17830.071574747246,33.9011116027832,-118.331428527832,90291,Los Angeles,992700.0,79736.0,11359.0
381,Antojitos Mexicanos Truck,16,4.0,$,,,2898.2969552717977,34.0698202501861,-118.291526053448,90004,Los Angeles,776300.0,37976.0,20400.0
382,Noemi & Fita,1,4.0,$,+13233137802,(323) 313-7802,5275.081534629218,34.0531566739082,-118.265101835132,90017,Los Angeles,417600.0,21030.0,32725.0
383,El Ultimo Tren,18,5.0,$,+12139152916,(213) 915-2916,6545.469493687805,34.059319,-118.250379,90012,Los Angeles,394500.0,28879.0,9618.0
384,Angel's Tijuana Tacos,181,4.0,$,,,14191.8868707687,34.1826452825563,-118.370226658881,91606,North Hollywood,363400.0,42521.0,13491.0
385,El Taco Feliz,39,4.5,$,+13234945478,(323) 494-5478,9216.119424594337,34.1073546687631,-118.237945474684,90065,Los Angeles,453400.0,53635.0,8625.0
386,Ho-Lee Chow,19,3.5,$,+13102040477,(310) 204-0477,7599.954942427778,34.02145,-118.39476,90232,Culver City,722200.0,73103.0,7193.0
387,G's Taco Spot on Wheels,49,3.5,$,+13109547256,(310) 954-7256,9393.44142998649,33.9909416,-118.2654946,90011,Los Angeles,269300.0,30171.0,24240.0
388,La FOnda Mexican Food,27,4.0,$,,,22036.09524988578,34.2595756455679,-118.310909996502,91040,Los Angeles,414200.0,69312.0,2484.0
389,Wurstküche,8414,4.0,$$,+12136874444,(213) 687-4444,8058.966046339442,34.0456047058105,-118.236061096191,90013,Los Angeles,312200.0,20271.0,17546.0
390,Papas Tacos,10,4.5,$,,,21495.35924793369,34.2005925597299,-118.48367806524,91406,Los Angeles,361600.0,49231.0,6340.0
391,Michexgod,43,4.5,$$,+18187448097,(818) 744-8097,29859.787569259755,34.30814,-118.450012,91342,Sylmar,322400.0,59329.0,1665.0
392,Vchos Truck,293,3.5,$,+13232839558,(323) 283-9558,1151.448623926047,34.061603,-118.312405,90010,Los Angeles,514300.0,51359.0,8309.0
393,Tacos al Vapor Los Originales,4,5.0,$,+18184702115,(818) 470-2115,18130.89125450271,34.185396,-118.449557,91411,Los Angeles,456400.0,44570.0,12059.0
394,El Cartel,548,4.0,$,+13239311281,(323) 931-1281,2529.2225545505703,34.0625121510041,-118.348814569312,90036,Los Angeles,945000.0,71589.0,14922.0
395,Tacos Las Gueras,9,4.5,$,+15625692486,(562) 569-2486,11486.71559527925,33.982707,-118.240875,90001,Los Angeles,249600.0,35097.0,16306.0
396,Arandinos Tacos El Patron,247,4.5,$,,,21204.613999732304,34.0802062,-118.0925122,91776,San Gabriel,482700.0,47368.0,11300.0
397,Ice Cream Roll,8,4.5,$,+13235788811,(323) 578-8811,4594.372867214332,34.1016299248973,-118.333691404536,90028,Los Angeles,593900.0,30953.0,18838.0
398,The Original Doner Kebab,1,3.0,$$,+13233085345,(323) 308-5345,11476.410034219292,34.0636503468884,-118.445941396058,90024,Los Angeles,963400.0,54373.0,16154.0
399,"CreAsian Food, Inc.",8,4.5,$$,,,14026.23329193708,34.0299683,-118.4687729,90404,Santa Monica,622000.0,59695.0,10723.0
400,M & M Food Truck,1,1.0,$$,+12138357016,(213) 835-7016,7150.1508192250685,34.067569732666,-118.240287780762,90012,Los Angeles,394500.0,28879.0,9618.0
401,Street Food Tuesdays,62,4.0,$$,+17143830414,(714) 383-0414,37095.36153237464,33.83073,-118.03079,90630,Cypress,494900.0,78745.0,7835.0
402,The Deli Doctor,265,2.0,$$,+13103218714,(310) 321-8714,5580.8995529348895,34.0387725830078,-118.26114654541,90015,Los Angeles,429100.0,27393.0,11100.0
403,TLT Food,1236,4.0,$$,+13104434433,(310) 443-4433,11394.08236101248,34.0604028405844,-118.445061835982,90024,Los Angeles,963400.0,54373.0,16154.0
404,Adelita Catering,2,5.0,$,,,8401.25953713628,34.0309258,-118.2380432,90021,Los Angeles,444000.0,13415.0,1908.0
405,Monster Tacos,73,3.0,$$,+13233211018,(323) 321-1018,10877.252046651261,34.12042,-118.22701,90065,Los Angeles,453400.0,53635.0,8625.0
406,Food Travelers,7,4.5,$$,+14243673663,(424) 367-3663,15035.81463869359,33.97601,-118.45908,90292,Marina del Rey,703200.0,100441.0,10583.0
407,Food Truck Thursday,49,4.5,$$,,,48270.75718753145,33.727086,-117.988042,92647,Huntington Beach,593500.0,75599.0,7387.0
408,Mojica Taco Truck,27,4.0,$,,,14198.244535207867,34.0770942304532,-118.16837567836,90032,Los Angeles,325100.0,46508.0,9604.0
409,Tacos Al Vapor,3,5.0,$,,,13742.73051472172,33.961971282959,-118.396644592285,90006,Westchester,392100.0,30961.0,30829.0
410,Tacos Tuzo,26,4.5,$,+13105706052,(310) 570-6052,16668.128854924824,34.01758,-118.49414,90401,Santa Monica,676800.0,62794.0,7917.0
411,Tacos Por Favor,1547,4.0,$,+13103925768,(310) 392-5768,15362.500497976147,34.019676,-118.480252,90404,Santa Monica,622000.0,59695.0,10723.0
412,The Great American Fries,60,4.5,$,,,16930.60480734857,34.0113662,-118.4946398,90401,Santa Monica,676800.0,62794.0,7917.0
413,Fire Hook Taco Truck,14,3.0,$,+16265435119,(626) 543-5119,11416.319243928954,34.0625709029135,-118.44532285664,90024,Los Angeles,963400.0,54373.0,16154.0
414,Mariscos El Sabroso,61,4.5,$,,,13344.565379512693,33.9528170404488,-118.382548436249,90045,Westchester,661700.0,77893.0,3681.0
415,Uncle Johnny's Burgers,81,5.0,$$,+18184626535,(818) 462-6535,9449.65645653703,34.130508,-118.261388,91304,Los Angeles,442900.0,58889.0,5341.0
416,Tacos Tamix,75,4.5,$,+13237435206,(323) 743-5206,2321.7008912491356,34.0483906060104,-118.340908102691,90019,Los Angeles,617300.0,42043.0,16578.0
417,Los Primos Taco Truck,14,4.5,$,+13235822640,(323) 582-2640,11331.656292544145,33.9600180479308,-118.311396005912,90047,Los Angeles,286800.0,41842.0,10275.0
418,Paradise Italian Water Ice,9,5.0,$,+13109353353,(310) 935-3353,4905.761901632127,34.02907,-118.35376,90016,Los Angeles,358000.0,37242.0,13123.0
419,Mapuche Native Argentinian Food,89,3.5,$,+14243331755,(424) 333-1755,9582.630081693722,34.0140783,-118.4081451,90016,Los Angeles,358000.0,37242.0,13123.0
420,Kike's Tacos,52,4.5,$,+13108902977,(310) 890-2977,14071.13798773793,33.9394353,-118.3612401,90304,Lennox,312000.0,37783.0,18007.0
421,Pho King Ngoc,10,4.5,$,,,13743.900882970853,34.11352,-118.19572,90042,Los Angeles,382100.0,50996.0,13444.0
422,Wild Dogs Grill Dtla,27,4.0,$,+13236749267,(323) 674-9267,5883.873492564292,34.048791,-118.2594084,90017,Los Angeles,417600.0,21030.0,32725.0
423,Charlie's Wieners,77,4.0,$,+18056745717,(805) 674-5717,18363.268734419693,34.17887,-118.46154,91411,Van Nuys,456400.0,44570.0,12059.0
424,Taqueria El Casa Grande,6,5.0,$,+13235555555,(323) 555-5555,8848.486555464826,33.9890350944651,-118.28194449896,90003,Los Angeles,231700.0,29686.0,18660.0
425,Foodism,42,3.0,$$,+18185352597,(818) 535-2597,11197.700154968754,34.1419538,-118.3946689,91604,Studio City,824000.0,88579.0,5636.0
426,Tacos Como En El D.F. Taco Truck,49,4.5,$,+13109484714,(310) 948-4714,2469.8078876495047,34.0399548411369,-118.315274566412,90018,Los Angeles,345800.0,32447.0,17028.0
427,Doty's Tacos,197,4.5,$,+13102207685,(310) 220-7685,17910.43045125408,33.9005754171619,-118.326611867643,90249,Gardena,354200.0,51871.0,8956.0
428,Green Truck,361,3.5,$$,+13102040477,(310) 204-0477,7592.808042761444,34.0245873609151,-118.390724927984,90232,Culver City,722200.0,73103.0,7193.0
429,Marisco's El Coral,9,4.5,$,,,9524.450960349799,33.992059,-118.261022,90011,Los Angeles,269300.0,30171.0,24240.0
430,Mariscos Guadalajara,12,4.5,$,+12133934858,(213) 393-4858,7252.994712186449,34.0160206783136,-118.265059925616,90011,Los Angeles,269300.0,30171.0,24240.0
431,Best Bites Food Truck Events,4,5.0,$$$,+15626086775,(562) 608-6775,30501.869543149784,33.9448277634256,-118.021962608954,90605,Whittier,357100.0,67482.0,7136.0
432,El Ostion Taco Truck,39,4.5,$,+13105036945,(310) 503-6945,5580.8995529348895,34.03864,-118.26136,90015,Los Angeles,429100.0,27393.0,11100.0
433,Dirt Dog,2202,4.5,$,+12137491813,(213) 749-1813,5639.674876856078,34.0282923762355,-118.275208244705,90007,Los Angeles,388900.0,22420.0,16593.0
434,Rasta Rita Margarita and Beverage Truck,5,5.0,$,+18669672782,(866) 967-2782,17719.16928988423,34.138016,-118.152505,91105,Pasadena,846600.0,109922.0,3047.0
435,Los California Tacos,946,4.5,$,+16263767742,(626) 376-7742,17885.16631627958,34.1371189290077,-118.149886,91105,Pasadena,846600.0,109922.0,3047.0
436,Pablito's Tacos,214,4.0,$$,+18189668534,(818) 966-8534,13110.339581701084,34.17242,-118.36996,91601,Los Angeles,464200.0,48638.0,14028.0
437,Los Dogos,41,4.5,$,+15623163673,(562) 316-3673,22078.111479114472,33.8940833,-118.1931351,90221,East Rancho Dominguez,237100.0,42853.0,10072.0
438,The Gastrobus,124,4.0,$,,,7193.980371228938,34.12019,-118.28712,90027,Los Angeles,793200.0,47993.0,5464.0
439,Nitropod,36,4.5,$$,+18446487676,(844) 648-7676,23632.496088134765,34.153865814209,-118.546783447266,91356,Los Angeles,704700.0,70759.0,4016.0
440,La Cocina El Buen Sazón,4,5.0,$,,,13264.10407652598,34.1191396862268,-118.195210173726,90042,Los Angeles,382100.0,50996.0,13444.0
441,Tacos El Venado,80,3.5,$,+13239448320,(323) 944-8320,19181.799758154306,34.1855372390203,-118.466314785182,91411,Los Angeles,456400.0,44570.0,12059.0
442,Maui Wowi Truck,3,4.0,$,,,7079.830618359903,34.09961,-118.35074,90046,Los Angeles,873100.0,52641.0,8405.0
443,Plancha Tacos,749,4.0,$,+13239519911,(323) 951-9911,4612.005207371957,34.072365,-118.369731,90048,Los Angeles,941100.0,72701.0,11350.0
444,Sarita's Kitchen,4,5.0,$,+13102427833,(310) 242-7833,13816.165976271559,33.9428954126606,-118.365704999687,90304,Inglewood,312000.0,37783.0,18007.0
445,Tacos Oaxaca,26,4.5,$,+13236904734,(323) 690-4734,13465.021636486845,34.023757367419,-118.182556536844,90023,Los Angeles,287500.0,33849.0,10866.0
446,Birrieria San Marcos,100,3.5,$,+18187812368,(818) 781-2368,17006.36358104795,34.178721,-118.440173,91401,Van Nuys,506100.0,46420.0,11377.0
447,El Mar Mariscos Estilo Ensenada,10,4.5,$$,+18184687017,(818) 468-7017,14798.016845619139,34.1883293520234,-118.370417258732,91606,Los Angeles,363400.0,42521.0,13491.0
448,Nicole Juicery,41,3.5,$$,+12137062191,(213) 706-2191,4351.498567637793,34.08943,-118.354584,90007,Culver city,388900.0,22420.0,16593.0
449,Chancho's Tacos,75,3.0,$$,+13107546767,(310) 754-6767,16248.445856654485,33.97364,-118.45672,90292,Los Angeles,703200.0,100441.0,10583.0
450,Burrata House,312,4.5,$$,+18442877282,(844) 287-7282,8955.20638089797,34.0298228,-118.4106966,90034,Los Angeles,637100.0,56946.0,18621.0
451,Mariscos El Veneno,9,5.0,$,+13233453205,(323) 345-3205,16612.03131091897,33.93115083,-118.2262955,90059,Los Angeles,221500.0,33962.0,12359.0
452,Mariscos La Isla: Estilo Nayarit,28,4.0,$$,+18183219303,(818) 321-9303,23046.732726341183,34.2354469299316,-118.457725524902,91402,Los Angeles,279100.0,40186.0,18733.0
453,Brother's Super Tacos,18,4.5,$,,,17414.55002174895,34.1939428,-118.4225263,91405,Los Angeles,342100.0,38847.0,15457.0
454,Tacos Arandas,52,4.5,$,,,10803.841526822787,33.97497,-118.26821,90003,Los Angeles,231700.0,29686.0,18660.0
455,Arandino's Tacos El Patron,41,4.0,$,+13234329102,(323) 432-9102,17305.065169785208,34.0653059,-118.133572,91776,Monterey Park,482700.0,47368.0,11300.0
456,Mariscos Coliman,15,4.5,$,+13236977253,(323) 697-7253,13925.394144707554,33.960156101322,-118.232772834599,90001,Florence-Graham,249600.0,35097.0,16306.0
457,Firehouse Chefs Food Truck,7,3.5,$$,+15624989900,(562) 498-9900,12981.77801500446,34.03162,-118.4570694,90064,Los Angeles,904200.0,84579.0,6350.0
458,Mariscos Las Aguilas,2,4.0,$,+12135076250,(213) 507-6250,8724.378966296275,33.9883810409298,-118.287327545874,90044,Los Angeles,269400.0,29870.0,17478.0
459,Uncle Bob's Honey Dipped Fried Chicken,13,3.0,$$,+13235106607,(323) 510-6607,7150.1508192250685,34.066219329834,-118.238716125488,90012,Los Angeles,394500.0,28879.0,9618.0
460,Kogi BBQ Truck,5,4.0,$$,,,40329.9902300688,34.380097,-118.531206,91321,Santa Clarita,340000.0,56079.0,1348.0
461,Dedicated Danny's Bacon Wrapped Hotdogs,72,5.0,$,+13235907369,(323) 590-7369,6933.445494530886,34.0554504394531,-118.24723815918,90012,Los Angeles,394500.0,28879.0,9618.0
462,Birrieria Los Gonzalez,203,4.0,$,+13232168795,(323) 216-8795,6675.535564501883,34.02362,-118.26508,90011,Los Angeles,269300.0,30171.0,24240.0
463,Mariscos Tocho,71,4.5,$,+15624157519,(562) 415-7519,16610.20136342491,33.9346389704683,-118.226422399082,90059,Los Angeles,221500.0,33962.0,12359.0
464,Little Tokyo Taiyaki,120,4.5,$,+19096308002,(909) 630-8002,7844.940966703066,34.0448952536669,-118.238645223894,90013,Los Angeles,312200.0,20271.0,17546.0
465,Nando's Baja Dogs,12,4.0,$,+16574447407,(657) 444-7407,15815.966551899268,34.0283792,-118.154466,90022,Los Angeles,294800.0,38925.0,15334.0
466,Nico’s Burgers,19,5.0,$,+18188147416,(818) 814-7416,28874.767506842032,34.3012692188427,-118.442176524278,91342,Los Angeles,322400.0,59329.0,1665.0
467,Birria Michoacana,12,4.5,$,+13232007396,(323) 200-7396,12879.237553144885,33.9632207204517,-118.247610676043,90001,Los Angeles,249600.0,35097.0,16306.0
468,Noname Shawarma,4,3.5,$,+17477447384,(747) 744-7384,12618.718502873802,34.1720009,-118.2897046,91201,Glendale,615300.0,50107.0,9647.0
469,Mexican Food Truck,1,5.0,$,,,1330.5624139622964,34.0623931884766,-118.306968688965,90010,Los Angeles,514300.0,51359.0,8309.0
470,El Patron tacos,14,4.0,$,+12138044051,(213) 804-4051,2908.59119194505,34.06797,-118.29103,90020,Los Angeles,511800.0,38510.0,34475.0
471,Leo's Tacos,373,4.0,$,+13233462001,(323) 346-2001,12793.618116656893,34.136,-118.21425,90041,Los Angeles,535500.0,63770.0,7595.0
472,Sunshine Juice & Coffee,1,5.0,$,+17143904087,(714) 390-4087,6608.260750673942,34.0538039320847,-118.250265053519,90026,Los Angeles,551500.0,44327.0,16063.0
473,Nina's Food,7,4.5,$,+13239158242,(323) 915-8242,10384.728561036327,34.0402364565532,-118.211647419758,90033,Los Angeles,291100.0,28005.0,14954.0
474,Tacos Kiche,1,5.0,$$,+13238303749,(323) 830-3749,4283.033882762811,34.0539674964985,-118.275806866586,90057,Los Angeles,282600.0,28035.0,50810.0
475,Tacos Mexico,303,4.0,$,+12136272399,(213) 627-2399,6355.731028298113,34.0421380712184,-118.2565104143,90015,Los Angeles,429100.0,27393.0,11100.0
476,Cemitas Poblanas,21,4.0,$,+13232325294,(323) 232-5294,8718.83923236802,33.996417092994,-118.268774346853,90011,Los Angeles,269300.0,30171.0,24240.0
477,Sonoratown,1176,4.5,$,+12136283710,(213) 628-3710,6744.3084707420585,34.041648,-118.252245,90014,Los Angeles,345200.0,16551.0,24737.0
478,Jdas Mexican Food,11,4.5,$,+16266399148,(626) 639-9148,21711.180097133485,34.177975,-118.132198,91001,Altadena,550000.0,85108.0,4368.0
479,Blue Nova,47,4.5,$$,,,7661.278308971975,34.0493585094711,-118.239539165795,90012,Los Angeles,394500.0,28879.0,9618.0
480,Pop Art,7,5.0,$,,,7530.471846744692,34.047822479906,-118.241345734439,78704,Los Angeles,347500.0,50930.0,4838.0
481,Tejuinos Colima,5,5.0,$,+13107296726,(310) 729-6726,15537.641850311276,33.945001461309,-118.22846939137,90002,Los Angeles,216100.0,31258.0,16728.0
482,Las Banquitas,9,4.0,$,+13232276681,(323) 227-6681,11015.447604226956,34.09488483,-118.2086885,90031,Los Angeles,340500.0,34655.0,11383.0
483,Del Solar Fish Tacos,191,4.5,$,+18184557861,(818) 455-7861,24423.112737807412,34.223561,-118.501673,91402,Northridge,279100.0,40186.0,18733.0
484,Mariscos El Patron,3,5.0,$,+13235173668,(323) 517-3668,16571.964617266196,33.920023,-118.265191,90061,Los Angeles,256400.0,33476.0,10094.0
485,El Taurino,2111,3.5,$,+12137389197,(213) 738-9197,3631.9273738950005,34.051414,-118.283775,90006,Los Angeles,392100.0,30961.0,30829.0
486,Mariscos Los Lechugas,74,4.5,$,+13235373234,(323) 537-3234,14455.543633162386,34.08928,-118.16793,90032,Los Angeles,325100.0,46508.0,9604.0
487,Tacos La Korita,42,4.5,$,+13233354162,(323) 335-4162,13516.504129680497,33.9961999182784,-118.197736219002,90058,Vernon,191100.0,16750.0,555.0
488,Fruit Stand,1,4.0,$,,,2083.677053458096,34.0616915281338,-118.344,90036,Los Angeles,945000.0,71589.0,14922.0
489,Torta Movil,41,5.0,$,+13235733968,(323) 573-3968,31078.472182338508,33.806216,-118.184475,90011,Los Angeles,269300.0,30171.0,24240.0
490,Cemitas Y Antojitos Poblanos Cinco de Mayo,12,3.5,$$,+13234538797,(323) 453-8797,15791.961371507352,34.0195902810717,-118.157656565309,90022,Los Angeles,294800.0,38925.0,15334.0
491,V's Grill,70,4.5,$,+18185184059,(818) 518-4059,22004.71764519866,34.2105,-118.478847,91406,Van Nuys,361600.0,49231.0,6340.0
492,Tropical Deli,13,4.5,$,+13233016600,(323) 301-6600,7285.963232660577,34.0477325767279,-118.244006931782,90013,Los Angeles,312200.0,20271.0,17546.0
493,El Torito Oaxaqueño,15,4.0,$,+13232828577,(323) 282-8577,12622.292790958876,34.0434203752073,-118.456622958183,90025,Los Angeles,669100.0,73478.0,16402.0
494,Paninissimo,14,3.5,$,+12064709972,(206) 470-9972,6078.052482935323,34.0485661742043,-118.38545691222,90035,Los Angeles,842500.0,75863.0,13808.0
495,Tacos El Korita,47,4.5,$,,,13544.82287089625,34.018881,-118.183711,90015,Los Angeles,429100.0,27393.0,11100.0
496,East Los Angeles Tacos,12,4.0,$,+18553528226,(855) 352-8226,5304.389778120024,34.046246,-118.26696,90015,Los Angeles,429100.0,27393.0,11100.0
497,Smosh Town,120,4.5,$,,,20918.52228936561,34.1502683,-118.1212451,91106,Pasadena,559000.0,66250.0,8210.0
498,Southbay Dindinagogo,2,5.0,$$,+13109208558,(310) 920-8558,22383.508263911826,33.86173,-118.28883,90745,Gardena,330900.0,71854.0,6897.0
499,Carnitas el Veneno,3,3.5,$,+13237934970,(323) 793-4970,6836.366874671622,34.0384903,-118.2526093,90015,Los Angeles,429100.0,27393.0,11100.0
500,Birria De Chivo Truck,2,5.0,$,,,19276.6564454854,33.9088341562158,-118.222522832542,90220,Compton,227500.0,43592.0,7138.0
501,Breezy Freeze Snowball Co.,67,5.0,$,+13239634127,(323) 963-4127,10345.46948501839,34.14006,-118.38014,91602,Studio City,600000.0,66652.0,8535.0
502,The Great White Hut,1032,4.0,$,+18182435619,(818) 243-5619,11517.927710497257,34.150048,-118.256291,91203,Glendale,373300.0,43078.0,16151.0
503,Big Bali Truck,12,3.0,$$,+16269055229,(626) 905-5229,4822.952827334233,34.0369708,-118.2782814,90250,Los Angeles,397500.0,45995.0,13920.0
504,Vera's Tacos,96,4.5,$,+15624909552,(562) 490-9552,28333.098009659665,33.8236671735472,-118.21143709877,90810,Long Beach,302700.0,49269.0,5486.0
505,Kings Road Coffee Mobile Truck,17,4.5,$$$,+18184309697,(818) 430-9697,2876.005858016202,34.0664817,-118.3520389,90036,Los Angeles,945000.0,71589.0,14922.0
506,Benten Bowl,9,4.0,$$,,,7599.954942427778,34.0236878,-118.3900204,90232,Culver City,722200.0,73103.0,7193.0
507,Churros Don Abel,50,5.0,$,+13237229366,(323) 722-9366,25097.352763593888,33.9763526916504,-118.072242736816,90606,Whittier,328200.0,61800.0,8564.0
508,Knowrealitypie,99,4.5,$,+12136102244,(213) 610-2244,14085.67534181718,34.1397307,-118.2009742,90041,Los Angeles,535500.0,63770.0,7595.0
509,Cheo's Tacos,89,4.0,$,+13239738243,(323) 973-8243,14298.25433606847,34.077986285476,-118.167415682464,90032,El Sereno,325100.0,46508.0,9604.0
510,Tacos Gavia,20,4.5,$,+13234074403,(323) 407-4403,12204.074666751278,34.0405349463272,-118.191373944283,90063,Los Angeles,273400.0,38441.0,17038.0
511,Let's Be Frank,8,4.5,$,+18882337265,(888) 233-7265,15690.122865647489,33.9913565665483,-118.468957766891,90291,Venice,992700.0,79736.0,11359.0
512,Carnitas Michoacan,1281,4.0,$,+13232252729,(323) 225-2729,9300.930775456072,34.07251,-118.2213,90031,Los Angeles,340500.0,34655.0,11383.0
513,Vicious Dogs,1111,4.5,$,+18189853647,(818) 985-3647,12601.640465363134,34.16578,-118.37554,91601,North Hollywood,464200.0,48638.0,14028.0
514,El Tepeyac Cafe,2220,4.0,$$,+13232681960,(323) 268-1960,11508.609171012964,34.047744,-118.19758,90033,Los Angeles,291100.0,28005.0,14954.0
515,GUAC Taco Cart Company,28,5.0,$$,+18773547464,(877) 354-7464,20779.044472569756,33.8849556,-118.3962149,90266,Manhattan Beach,1000001.0,139259.0,8926.0
516,Brothers Cousins Tacos,106,5.0,$,,,10900.512546737018,34.0266888040758,-118.431936958053,90064,Los Angeles,904200.0,84579.0,6350.0
517,Fruit Cart Guy,2,2.5,$,,,4389.400017478429,34.0634299,-118.36926,90048,Los Angeles,941100.0,72701.0,11350.0
518,Tacos y Cemitas El Monchis,13,3.5,$,+13237677494,(323) 767-7494,10058.747780275356,34.0494720481586,-118.21317801835,90033,Los Angeles,291100.0,28005.0,14954.0
519,Habibi Yalla,10,3.5,$,+18184623547,(818) 462-3547,16744.43932034868,34.1536786790855,-118.465582267058,91403,Los Angeles,740200.0,69956.0,6467.0
520,Chiquis Tacos,53,3.5,$,+13239078108,(323) 907-8108,2518.509748837909,34.0391120910645,-118.318031311035,90018,Los Angeles,345800.0,32447.0,17028.0
521,Tocky's Pita,12,5.0,$$,,,17208.256220982974,34.015429,-118.4996357,90401,Santa Monica,676800.0,62794.0,7917.0
522,Azteca Truck,31,4.0,$$,+18184191725,(818) 419-1725,22098.25580672557,34.217446,-118.470359,91406,Los Angeles,361600.0,49231.0,6340.0
523,Taco Los 3 Potrillos,22,4.5,$,,,11433.920100723508,34.0505,-118.19802,90033,Los Angeles,291100.0,28005.0,14954.0
524,Birrieria Gomez,69,4.0,$,+14242196292,(424) 219-6292,14344.66021658595,33.9389785456344,-118.369761630893,90304,Lennox,312000.0,37783.0,18007.0
525,Ideal Foods,6,3.5,$,,,17149.03482237062,33.9188509,-118.391821,90245,El Segundo,736500.0,84341.0,3049.0
526,The Rib Eye Guy,6,5.0,$,+15627737267,(562) 773-7267,21993.17220651666,33.9436970536625,-118.12980953604,90241,Downey,439600.0,56479.0,8607.0
527,Tacos El Grillo,36,5.0,$,+13234569979,(323) 456-9979,15779.74429680633,34.0271591763953,-118.155232854187,90022,East Los Angeles,294800.0,38925.0,15334.0
528,Tacos El Poblanito,12,4.0,$,+13107665500,(310) 766-5500,17858.904579355833,33.8977546691895,-118.322166442871,90249,Gardena,354200.0,51871.0,8956.0
529,Phantom Food Truck,51,3.5,$$,+16262306589,(626) 230-6589,12914.595802913525,34.03134,-118.45671,90064,Los Angeles,904200.0,84579.0,6350.0
530,Mariscos La Corita,117,4.5,$$,+13232351152,(323) 235-1152,8402.622167161398,34.00225,-118.26484,90011,Los Angeles,269300.0,30171.0,24240.0
531,El  Mar Azul,95,3.5,$,+13233277744,(323) 327-7744,11685.771780296485,34.09966,-118.20347,90042,Highland Park,382100.0,50996.0,13444.0
532,Galvan Food Catering Truck,10,4.5,$,+13103084453,(310) 308-4453,19701.739853489868,34.0391159057617,-118.533500671387,90272,Pacific Palisades,1000001.0,159696.0,1007.0
533,Tacos Y Cemitas El Monchis,15,4.0,$,+13236031856,(323) 603-1856,15828.811960770643,34.02207,-118.15641,90022,East Los Angeles,294800.0,38925.0,15334.0
534,Sonic's BBQ,7,4.0,$,+15626164532,(562) 616-4532,32990.96540095516,33.7962799072266,-118.191459655762,90806,Long Beach,358400.0,42998.0,12327.0
535,Sweet E's Bake Shop Dessert Truck,53,3.5,$,+13234228885,(323) 422-8885,4512.603210487351,34.0726398542254,-118.368520035599,90048,Los Angeles,941100.0,72701.0,11350.0
536,Adelita's,1,4.0,$,,,2709.1762568944437,34.0576217,-118.292364,90005,Los Angeles,633600.0,31893.0,34761.0
537,Tacos Arandinos,14,4.5,$,+13235524604,(323) 552-4604,15060.842035512629,34.0286837,-118.163249,90022,Los Angeles,294800.0,38925.0,15334.0
538,Tacos Alvarado,48,4.5,$,+18185641084,(818) 564-1084,28885.657342761922,34.20052,-118.58649,91306,Los Angeles,357500.0,61112.0,10889.0
539,Me So Hungry Food Truck,5,3.0,$$,+13103630946,(310) 363-0946,12914.595802913525,34.03134,-118.45671,90064,Los Angeles,904200.0,84579.0,6350.0
540,Tacos Los Carnalillos Taco Truck,145,4.0,$,+13232283605,(323) 228-3605,7374.787215404321,34.0039082,-118.2818791,90037,Los Angeles,271400.0,26796.0,21941.0
541,El Chilanguito,18,3.5,$,+18186195320,(818) 619-5320,29909.158753380612,34.26401,-118.53473,91326,Los Angeles,611800.0,99230.0,4131.0
542,Taco City,16,4.0,$,+13237742007,(323) 774-2007,1604.6161230137811,34.0472770139406,-118.323604847886,90019,Los Angeles,617300.0,42043.0,16578.0
543,Aloha Fridays,73,3.5,$,+18189615918,(818) 961-5918,22108.819267810934,34.21745,-118.47036,91406,Van Nuys,361600.0,49231.0,6340.0
544,Tacos Santa Rita,11,4.5,$,+13235822640,(323) 582-2640,12297.005702834784,34.0507650025231,-118.188537880187,90063,Los Angeles,273400.0,38441.0,17038.0
545,Taqueria La Guadalupana,69,4.5,$,+13235940509,(323) 594-0509,9047.54741606432,34.10272,-118.2366,90065,Los Angeles,453400.0,53635.0,8625.0
546,Tacos El Pastor,2,3.0,$,+12138582481,(213) 858-2481,16209.118941055562,33.9872,-118.47258,90291,Los Angeles,992700.0,79736.0,11359.0
547,Tropical Food Truck,3,3.5,$,+14086071987,(408) 607-1987,2244.1898185687837,34.04749,-118.34694,90019,Los Angeles,617300.0,42043.0,16578.0
548,Crepes gone Wild,31,4.0,$,+13234435857,(323) 443-5857,17315.57393141393,34.0170635508444,-118.141303549015,90022,East Los Angeles,294800.0,38925.0,15334.0
549,Rafa's lunch truck,28,4.5,$,+13107367830,(310) 736-7830,18148.44938590184,33.90155,-118.28217,90248,Gardena,360000.0,52013.0,2119.0
550,Manny's Tacos,104,3.5,$,+15626610459,(562) 661-0459,25111.710702278877,33.87437,-118.16903,90805,Long Beach,282000.0,44070.0,12692.0
551,Tacos Los Primos,101,4.0,$,,,28366.779910437916,33.9523468736131,-118.041609215571,90605,Whittier,357100.0,67482.0,7136.0
552,Dream Donut Truck,27,5.0,$$$,+18189256338,(818) 925-6338,13291.558990398522,34.18087,-118.33078,91506,Burbank,520200.0,71914.0,7726.0
553,Mamakingstonkitchen,11,2.0,$$,,,4973.809077376652,34.0981801678305,-118.352443948388,90046,Los Angeles,873100.0,52641.0,8405.0
554,Los Tacos,439,3.5,$$,+13238489141,(323) 848-9141,5005.074716813676,34.0906851,-118.3631966,90046,W Hollywood,873100.0,52641.0,8405.0
556,Dulce Canella,63,4.0,$,+15626416765,(562) 641-6765,22066.013783609003,33.8939935697781,-118.193237408996,90221,East Compton,237100.0,42853.0,10072.0
557,Frank's Tacos Bar,7,5.0,$,+15622057211,(562) 205-7211,21989.945758799357,33.9426172746334,-118.130828338586,90241,Downey,439600.0,56479.0,8607.0
558,Al Sazón Food Truck,7,3.5,$$,+18184823778,(818) 482-3778,26906.94735225488,34.2914715980784,-118.412707820535,91042,Los Angeles,404600.0,57500.0,553.0
559,Berry Fields,3,2.5,$$,+13104256490,(310) 425-6490,12955.658584494116,34.0487166,-118.4615024,90025,Los Angeles,669100.0,73478.0,16402.0
560,Tacos Reyes,30,4.5,$,,,25495.2296988558,34.1979,-118.53562,91335,Los Angeles,332900.0,51266.0,11328.0
561,Cemitas La China Poblana,204,3.5,$,+13232638310,(323) 263-8310,12186.06046585435,34.0254872668937,-118.196503417203,90023,Los Angeles,287500.0,33849.0,10866.0
562,The Empanada Factory,312,4.0,$,+13108365944,(310) 836-5944,6690.64072945432,34.038745880127,-118.388565063477,90034,Los Angeles,637100.0,56946.0,18621.0
563,Tortas Gigantes Estilo D.f,6,4.0,$$,,,11011.652070531845,33.9890981504117,-118.239974633884,90058,Los Angeles,191100.0,16750.0,555.0
564,Bistroalacarte,5,4.0,$$,+13237884856,(323) 788-4856,3170.6091520674486,34.04471,-118.34896,90019,Los Angeles,617300.0,42043.0,16578.0
565,Tacos Super Gallito,16,3.0,$,+13234062556,(323) 406-2556,5906.69795989951,34.035831,-118.377503,90034,Los Angeles,637100.0,56946.0,18621.0
566,HotBox Burgers,14,4.0,$,+13235457638,(323) 545-7638,5872.727247845314,34.011074,-118.302835,90062,Los Angeles,278700.0,33192.0,16973.0
567,Fluff Ice Truck,28,4.5,$,+16264000594,(626) 400-0594,22642.35594466896,34.05942,-118.07558,91770,Rosemead,414000.0,47373.0,9668.0
568,El Gran Burrito,337,3.5,$,+13236658720,(323) 665-8720,4179.240328021626,34.0906490990344,-118.292603174224,90029,Los Angeles,511100.0,36979.0,28359.0
569,Tuesday Food Truck Night,7,3.5,$$,,,24578.29514363898,33.9700262,-118.0786665,90606,Whittier,328200.0,61800.0,8564.0
